date,symbol,open,high,low,close,volume,adj_close
2023-09-13,AAPL,152.5,153.38,150.05,152.3,125520,152.3
2023-09-14,AAPL,156.47,157.08,155.08,156.49,151597,156.49
2023-09-15,AAPL,159.53,159.56,154.85,159.1,177221,159.1
2023-09-18,AAPL,158.03,159.47,157.42,157.92,100000,157.92
2023-09-19,AAPL,157.39,158.07,157.32,157.54,100000,157.54
2023-09-20,AAPL,156.22,156.74,155.27,156.64,100000,156.64
2023-09-21,AAPL,157.22,159.78,156.31,157.37,100000,157.37
2023-09-22,AAPL,158.08,160.01,157.95,158.69,100000,158.69
2023-09-25,AAPL,160.79,162.33,160.74,161.65,144081,161.65
2023-09-26,AAPL,156.64,158.51,156.24,157.48,270547,157.48
2023-09-27,AAPL,157.3,158.18,155.67,157.2,100000,157.2
2023-09-28,AAPL,159.14,160.37,158.14,159.54,137322,159.54
2023-09-29,AAPL,157.44,158.94,157.17,157.85,112201,157.85
2023-10-02,AAPL,153.6,154.68,153.31,154.03,136032,154.03
2023-10-03,AAPL,153.81,154.43,152.21,153.13,100000,153.13
2023-10-04,AAPL,155.15,156.04,153.82,155.58,154931,155.58
2023-10-05,AAPL,152.76,153.95,150.15,152.82,137405,152.82
2023-10-06,AAPL,150.89,154.44,148.33,151.32,100000,151.32
2023-10-09,AAPL,152.97,154.61,152.49,152.69,113182,152.69
2023-10-10,AAPL,148.13,149.29,147.24,148.17,219559,148.17
2023-10-11,AAPL,148.55,148.61,147.56,148.08,100000,148.08
2023-10-12,AAPL,151.55,151.64,149.82,151.24,218544,151.24
2023-10-13,AAPL,156.55,157.43,154.28,155.77,421168,155.77
2023-10-16,AAPL,156.26,158.15,155.79,155.94,100000,155.94
2023-10-17,AAPL,154.98,155.91,153.99,154.63,100000,154.63
2023-10-18,AAPL,153.04,154.16,151.71,153.37,100000,153.37
2023-10-19,AAPL,149.63,151.57,148.3,148.96,418690,148.96
2023-10-20,AAPL,151.55,152.55,150.24,151.05,129463,151.05
2023-10-23,AAPL,152.38,152.59,151.17,152.28,100000,152.28
2023-10-24,AAPL,156.06,156.12,153.9,154.96,144959,154.96
2023-10-25,AAPL,152.61,152.85,150.2,152.55,100000,152.55
2023-10-26,AAPL,151.6,152.09,150.21,151.23,100000,151.23
2023-10-27,AAPL,151.09,151.41,149.79,151.24,100000,151.24
2023-10-30,AAPL,151.26,152.76,150.81,150.96,100000,150.96
2023-10-31,AAPL,145.35,146.96,144.29,145.87,331883,145.87
2023-11-01,AAPL,142.66,143.41,142.4,142.65,100000,142.65
2023-11-02,AAPL,143.93,145.21,143.17,143.98,118118,143.98
2023-11-03,AAPL,141.11,142.05,140.01,141.73,119503,141.73
2023-11-06,AAPL,141.12,143.31,141.02,141.73,100000,141.73
2023-11-07,AAPL,141.47,142.22,141.4,142.03,100000,142.03
2023-11-08,AAPL,142.52,144.78,142.11,142.66,100000,142.66
2023-11-09,AAPL,143.81,145.23,141.94,143.95,100000,143.95
2023-11-10,AAPL,140.61,140.76,139.97,140.61,282614,140.61
2023-11-13,AAPL,138.4,138.84,138.35,138.55,100000,138.55
2023-11-14,AAPL,138.13,139.45,137.49,138.11,100000,138.11
2023-11-15,AAPL,141.09,143.02,138.64,140.47,256482,140.47
2023-11-16,AAPL,141.71,142.55,141.23,141.9,100000,141.9
2023-11-17,AAPL,142.03,142.6,141.3,142.39,100000,142.39
2023-11-20,AAPL,141.23,142.61,140.93,141.15,145707,141.15
2023-11-21,AAPL,143.91,144.03,143.01,143.61,131216,143.61
2023-11-22,AAPL,144.74,146.02,143.94,145.14,127662,145.14
2023-11-23,AAPL,148.31,148.82,147.45,148.32,152841,148.32
2023-11-24,AAPL,147.22,148.68,146.52,148.36,100000,148.36
2023-11-27,AAPL,149.1,150.69,147.94,148.67,100000,148.67
2023-11-28,AAPL,147.54,148.48,146.58,147.53,100000,147.53
2023-11-29,AAPL,148.56,150.41,147.3,148.33,100000,148.33
2023-11-30,AAPL,146.83,148.13,146.34,147.31,100000,147.31
2023-12-01,AAPL,148.3,149.74,146.84,148.63,123955,148.63
2023-12-04,AAPL,146.8,147.33,146.74,146.82,114609,146.82
2023-12-05,AAPL,148.45,149.97,148.05,148.3,111791,148.3
2023-12-06,AAPL,146.53,148.08,146.52,146.79,112459,146.79
2023-12-07,AAPL,148.03,148.42,145.85,147.67,100000,147.67
2023-12-08,AAPL,147.4,148.98,145.69,148.08,100000,148.08
2023-12-11,AAPL,150.3,150.79,147.83,150.39,172126,150.39
2023-12-12,AAPL,151.35,152.17,150.71,152.04,100000,152.04
2023-12-13,AAPL,155.27,156.49,153.46,155.07,277954,155.07
2023-12-14,AAPL,155.73,157.6,155.51,155.88,100000,155.88
2023-12-15,AAPL,155.19,155.85,153.23,155.35,100000,155.35
2023-12-18,AAPL,155.0,155.98,153.69,155.33,100000,155.33
2023-12-19,AAPL,157.7,158.01,156.7,157.63,147676,157.63
2023-12-20,AAPL,154.67,156.38,154.03,154.59,233781,154.59
2023-12-21,AAPL,155.71,157.1,154.39,155.77,100000,155.77
2023-12-22,AAPL,154.27,155.03,153.19,154.74,100000,154.74
2023-12-25,AAPL,152.69,154.22,151.56,153.52,100000,153.52
2023-12-26,AAPL,155.36,157.87,155.27,155.82,146350,155.82
2023-12-27,AAPL,156.37,157.67,155.38,156.99,100000,156.99
2023-12-28,AAPL,160.88,161.96,160.55,161.09,255422,161.09
2023-12-29,AAPL,158.94,160.77,158.0,158.86,145409,158.86
2024-01-01,AAPL,158.65,160.17,158.63,158.93,100000,158.93
2024-01-02,AAPL,155.63,156.02,154.36,155.96,148933,155.96
2024-01-03,AAPL,155.13,158.01,154.41,155.46,100000,155.46
2024-01-04,AAPL,158.74,159.82,157.35,158.5,188485,158.5
2024-01-05,AAPL,153.7,154.09,153.21,153.44,485761,153.44
2024-01-08,AAPL,153.43,154.61,152.53,153.38,100000,153.38
2024-01-09,AAPL,152.21,154.05,150.36,151.69,100000,151.69
2024-01-10,AAPL,152.31,153.63,151.98,152.31,100000,152.31
2024-01-11,AAPL,152.45,153.52,151.63,152.0,100000,152.0
2024-01-12,AAPL,152.1,152.66,150.6,151.95,100000,151.95
2024-01-15,AAPL,148.9,150.43,148.32,149.17,126135,149.17
2024-01-16,AAPL,148.61,149.15,148.03,148.27,100000,148.27
2024-01-17,AAPL,150.03,150.54,149.71,150.05,118779,150.05
2024-01-18,AAPL,146.62,147.73,145.93,146.79,171342,146.79
2024-01-19,AAPL,145.07,145.89,143.46,145.34,100000,145.34
2024-01-22,AAPL,147.52,148.49,147.14,147.48,216294,147.48
2024-01-23,AAPL,147.21,147.72,147.12,147.68,100000,147.68
2024-01-24,AAPL,147.24,147.89,147.22,147.57,100000,147.57
2024-01-25,AAPL,145.06,145.12,143.67,144.56,100000,144.56
2024-01-26,AAPL,149.33,149.71,149.15,149.18,332003,149.18
2024-01-29,AAPL,147.58,147.69,145.64,147.64,102887,147.64
2024-01-30,AAPL,147.02,147.06,146.07,146.72,108126,146.72
2024-01-31,AAPL,150.59,151.42,149.78,149.82,214809,149.82
2024-02-01,AAPL,149.54,150.84,148.55,150.06,100000,150.06
2024-02-02,AAPL,152.63,153.32,152.51,152.7,182522,152.7
2024-02-05,AAPL,152.1,152.59,150.3,152.16,100000,152.16
2024-02-06,AAPL,152.4,153.67,150.44,152.74,100000,152.74
2024-02-07,AAPL,150.12,151.83,149.11,150.61,116420,150.61
2024-02-08,AAPL,151.33,151.34,150.82,151.19,100000,151.19
2024-02-09,AAPL,147.82,149.87,147.64,148.33,150249,148.33
2024-02-12,AAPL,147.94,149.01,143.85,147.56,100000,147.56
2024-02-13,AAPL,141.7,142.18,141.34,142.03,393007,142.03
2024-02-14,AAPL,142.88,143.52,140.89,142.16,100000,142.16
2024-02-15,AAPL,140.84,142.19,138.49,140.35,100000,140.35
2024-02-16,AAPL,142.15,142.91,141.81,142.35,209417,142.35
2024-02-19,AAPL,145.32,145.42,143.56,144.95,240186,144.95
2024-02-20,AAPL,145.2,145.48,143.46,144.77,100000,144.77
2024-02-21,AAPL,144.97,145.02,143.89,144.79,100000,144.79
2024-02-22,AAPL,145.57,147.64,144.04,145.37,100000,145.37
2024-02-23,AAPL,142.88,144.53,139.71,144.03,100000,144.03
2024-02-26,AAPL,144.72,147.03,144.32,145.2,100000,145.2
2024-02-27,AAPL,144.8,146.48,144.27,144.56,100000,144.56
2024-02-28,AAPL,139.97,140.52,138.38,140.3,393107,140.3
2024-02-29,AAPL,139.87,140.08,137.77,139.2,100000,139.2
2024-03-01,AAPL,143.06,144.34,142.27,143.07,324671,143.07
2024-03-04,AAPL,143.21,143.59,141.89,143.5,100000,143.5
2024-03-05,AAPL,143.65,143.83,143.38,143.66,100000,143.66
2024-03-06,AAPL,145.89,146.51,145.64,146.38,234490,146.38
2024-03-07,AAPL,144.76,145.62,143.4,144.29,215131,144.29
2024-03-08,AAPL,145.56,145.71,144.47,144.7,100000,144.7
2024-03-11,AAPL,144.06,146.73,142.62,144.83,100000,144.83
2024-03-12,AAPL,142.31,143.09,141.74,142.31,230089,142.31
2024-03-13,AAPL,141.63,145.1,141.25,141.47,100000,141.47
2024-03-14,AAPL,141.52,142.33,140.96,141.84,100000,141.84
2024-03-15,AAPL,142.57,142.99,141.76,141.94,100000,141.94
2024-03-18,AAPL,140.62,141.08,138.79,139.41,198077,139.41
2024-03-19,AAPL,141.27,143.54,139.67,141.92,165704,141.92
2024-03-20,AAPL,138.02,138.1,137.85,138.04,265068,138.04
2024-03-21,AAPL,137.2,138.43,136.24,137.31,100000,137.31
2024-03-22,AAPL,140.82,141.24,140.28,140.35,256783,140.35
2024-03-25,AAPL,140.58,142.03,140.07,140.67,100000,140.67
2024-03-26,AAPL,139.91,141.37,138.0,139.26,128383,139.26
2024-03-27,AAPL,136.84,137.63,136.79,136.89,155115,136.89
2024-03-28,AAPL,140.25,141.39,139.48,139.78,254375,139.78
2024-03-29,AAPL,137.67,138.8,137.59,137.82,128345,137.82
2024-04-01,AAPL,134.69,137.36,134.45,134.51,100000,134.51
2024-04-02,AAPL,136.34,136.37,133.36,135.96,100000,135.96
2024-04-03,AAPL,134.75,135.18,134.37,134.73,100000,134.73
2024-04-04,AAPL,132.61,133.18,131.92,132.21,139076,132.21
2024-04-05,AAPL,131.06,131.43,130.82,131.12,100000,131.12
2024-04-08,AAPL,130.55,131.04,129.51,130.93,100000,130.93
2024-04-09,AAPL,133.05,134.1,131.68,132.83,249392,132.83
2024-04-10,AAPL,130.86,132.55,130.45,131.66,100000,131.66
2024-04-11,AAPL,130.48,131.45,129.38,130.61,100000,130.61
2024-04-12,AAPL,129.06,130.59,127.75,129.16,193385,129.16
2024-04-15,AAPL,127.56,128.6,127.31,128.21,100000,128.21
2024-04-16,AAPL,129.07,129.6,129.03,129.46,100000,129.46
2024-04-17,AAPL,131.52,133.0,130.43,131.46,114726,131.46
2024-04-18,AAPL,130.09,130.49,129.68,130.44,117946,130.44
2024-04-19,AAPL,129.1,129.49,128.16,129.37,100000,129.37
2024-04-22,AAPL,130.66,131.13,128.89,130.1,100000,130.1
2024-04-23,AAPL,132.73,132.8,131.92,132.4,239649,132.4
2024-04-24,AAPL,129.88,130.81,129.57,130.02,232629,130.02
2024-04-25,AAPL,130.09,130.78,129.45,129.9,100000,129.9
2024-04-26,AAPL,132.11,132.9,129.67,131.34,128001,131.34
2024-04-29,AAPL,129.97,130.93,128.14,129.96,122745,129.96
2024-04-30,AAPL,130.1,131.1,129.94,130.36,100000,130.36
2024-05-01,AAPL,128.65,129.26,128.37,128.69,100000,128.69
2024-05-02,AAPL,128.38,128.89,125.83,128.64,100000,128.64
2024-05-03,AAPL,125.83,126.47,125.31,126.23,335239,126.23
2024-05-06,AAPL,125.54,126.52,125.1,125.33,100000,125.33
2024-05-07,AAPL,127.62,128.2,126.93,127.25,207954,127.25
2024-05-08,AAPL,125.69,127.82,125.42,125.51,161927,125.51
2024-05-09,AAPL,122.02,123.3,120.87,122.64,260396,122.64
2024-05-10,AAPL,122.37,122.62,122.15,122.22,100000,122.22
2024-05-13,AAPL,124.29,124.82,123.12,124.18,153728,124.18
2024-05-14,AAPL,121.26,122.09,119.51,121.33,176822,121.33
2024-05-15,AAPL,124.3,125.32,124.07,124.21,156362,124.21
2024-05-16,AAPL,121.15,122.09,120.16,120.59,338163,120.59
2024-05-17,AAPL,120.94,123.54,120.45,121.27,100000,121.27
2024-05-20,AAPL,121.86,122.14,120.8,121.79,100000,121.79
2024-05-21,AAPL,121.33,122.69,120.37,121.27,100000,121.27
2024-05-22,AAPL,117.87,118.6,116.67,118.01,250238,118.01
2024-05-23,AAPL,116.18,117.08,115.95,116.47,180482,116.47
2024-05-24,AAPL,116.56,117.82,115.06,117.18,100000,117.18
2024-05-27,AAPL,117.75,119.12,117.24,117.84,100000,117.84
2024-05-28,AAPL,116.39,117.45,116.13,116.8,100000,116.8
2024-05-29,AAPL,118.52,119.34,118.09,118.2,100000,118.2
2024-05-30,AAPL,116.47,119.19,115.84,117.22,101971,117.22
2024-05-31,AAPL,115.92,116.52,115.27,116.08,100000,116.08
2024-06-03,AAPL,113.9,113.91,113.75,113.89,123081,113.89
2024-06-04,AAPL,110.25,111.53,108.99,110.52,270038,110.52
2024-06-05,AAPL,113.15,113.35,111.7,112.82,336101,112.82
2024-06-06,AAPL,110.52,110.84,110.33,110.79,156277,110.79
2024-06-07,AAPL,109.31,109.96,108.53,109.03,168582,109.03
2024-06-10,AAPL,108.49,108.6,107.77,108.57,100000,108.57
2024-06-11,AAPL,108.15,109.33,106.98,107.69,117580,107.69
2024-06-12,AAPL,109.54,110.17,108.65,109.24,100000,109.24
2024-06-13,AAPL,109.0,109.36,108.74,109.0,100000,109.0
2024-06-14,AAPL,109.75,110.48,109.35,109.59,100000,109.59
2024-06-17,AAPL,108.45,109.2,106.91,108.38,137478,108.38
2024-06-18,AAPL,108.75,109.14,108.72,108.76,100000,108.76
2024-06-19,AAPL,108.72,109.02,107.24,108.41,100000,108.41
2024-06-20,AAPL,108.61,109.88,107.47,108.6,100000,108.6
2024-06-21,AAPL,108.87,109.11,108.03,109.09,100000,109.09
2024-06-24,AAPL,111.26,111.99,111.02,111.27,178780,111.27
2024-06-25,AAPL,111.38,113.21,111.37,111.81,100000,111.81
2024-06-26,AAPL,111.93,112.43,110.46,111.84,100000,111.84
2024-06-27,AAPL,114.3,115.16,114.02,114.11,225598,114.11
2024-06-28,AAPL,114.85,117.03,114.25,114.85,100000,114.85
2024-07-01,AAPL,117.27,118.11,115.83,116.99,163841,116.99
2024-07-02,AAPL,116.59,117.97,115.45,116.83,100000,116.83
2024-07-03,AAPL,113.46,113.54,111.95,113.52,310894,113.52
2024-07-04,AAPL,112.56,113.53,111.83,112.4,100000,112.4
2024-07-05,AAPL,113.97,115.03,113.49,114.59,295959,114.59
2024-07-08,AAPL,112.61,114.68,112.27,112.79,181475,112.79
2024-07-09,AAPL,107.78,110.16,107.6,108.22,520178,108.22
2024-07-10,AAPL,110.21,110.6,109.51,110.54,185951,110.54
2024-07-11,AAPL,111.91,112.11,110.9,111.05,100000,111.05
2024-07-12,AAPL,108.68,109.08,108.16,108.79,123372,108.79
2024-07-15,AAPL,110.55,110.82,109.15,109.9,118565,109.9
2024-07-16,AAPL,110.33,111.67,110.07,110.66,103656,110.66
2024-07-17,AAPL,109.66,110.33,109.04,109.54,100000,109.54
2024-07-18,AAPL,108.96,110.94,107.88,109.35,100000,109.35
2024-07-19,AAPL,107.32,108.5,107.07,107.6,223965,107.6
2024-07-22,AAPL,107.76,108.74,107.55,107.7,100000,107.7
2024-07-23,AAPL,103.92,104.2,103.64,103.76,359787,103.76
2024-07-24,AAPL,103.07,103.32,100.9,102.45,162114,102.45
2024-07-25,AAPL,104.76,105.98,103.87,105.05,109834,105.05
2024-07-26,AAPL,103.98,105.88,103.67,103.82,100000,103.82
2024-07-29,AAPL,102.0,102.8,101.82,101.87,177809,101.87
2024-07-30,AAPL,101.98,102.47,100.57,102.14,100000,102.14
2024-07-31,AAPL,103.66,104.3,102.79,103.61,180936,103.61
2024-08-01,AAPL,106.38,106.57,105.49,106.08,226117,106.08
2024-08-02,AAPL,107.77,107.82,107.2,107.32,100000,107.32
2024-08-05,AAPL,107.22,107.92,106.01,106.65,100000,106.65
2024-08-06,AAPL,105.1,105.8,102.88,105.58,100000,105.58
2024-08-07,AAPL,104.25,104.74,103.02,104.33,122936,104.33
2024-08-08,AAPL,106.4,107.54,106.13,106.52,108671,106.52
2024-08-09,AAPL,106.79,107.73,105.84,106.24,100000,106.24
2024-08-12,AAPL,105.43,106.01,105.04,105.72,100000,105.72
2024-08-13,AAPL,104.91,105.56,104.36,105.09,100000,105.09
2024-08-14,AAPL,104.17,104.69,103.53,103.78,144570,103.78
2024-08-15,AAPL,106.67,107.03,104.92,105.98,392005,105.98
2024-08-16,AAPL,105.96,106.42,104.9,105.52,100000,105.52
2024-08-19,AAPL,106.7,106.82,106.01,106.77,100000,106.77
2024-08-20,AAPL,109.73,110.2,109.49,109.49,247073,109.49
2024-08-21,AAPL,106.94,107.45,106.18,107.2,240691,107.2
2024-08-22,AAPL,104.56,104.83,103.36,104.83,389324,104.83
2024-08-23,AAPL,103.39,104.32,103.38,103.51,216577,103.51
2024-08-26,AAPL,103.21,104.1,102.99,103.19,100000,103.19
2024-08-27,AAPL,104.94,105.37,104.55,104.87,179991,104.87
2024-08-28,AAPL,104.84,106.27,103.46,104.43,100000,104.43
2024-08-29,AAPL,102.58,103.38,102.13,102.34,165738,102.34
2024-08-30,AAPL,99.2,99.61,99.16,99.46,354183,99.46
2024-09-02,AAPL,98.21,99.52,97.82,98.82,100000,98.82
2024-09-03,AAPL,99.93,100.04,98.55,99.47,100000,99.47
2024-09-04,AAPL,99.07,100.05,98.27,99.37,100000,99.37
2024-09-05,AAPL,98.45,100.61,98.22,99.08,100000,99.08
2024-09-06,AAPL,99.34,99.69,98.53,99.48,100000,99.48
2024-09-09,AAPL,99.38,100.19,98.14,99.9,100000,99.9
2024-09-10,AAPL,99.24,99.76,98.21,99.14,100000,99.14
2024-09-11,AAPL,100.72,101.06,99.85,101.02,186266,101.02
2024-09-12,AAPL,101.71,101.71,101.09,101.37,100000,101.37
2024-09-13,AAPL,96.92,97.53,96.47,97.34,193915,97.34
2024-09-16,AAPL,97.81,98.72,95.27,97.78,100000,97.78
2024-09-17,AAPL,100.59,101.15,100.35,100.65,353113,100.65
2024-09-18,AAPL,101.0,102.17,100.77,100.84,100000,100.84
2024-09-19,AAPL,99.42,100.64,99.38,99.42,100000,99.42
2024-09-20,AAPL,99.33,99.9,98.33,99.12,100000,99.12
2024-09-23,AAPL,101.54,103.5,100.64,102.22,339311,102.22
2024-09-24,AAPL,101.73,102.05,101.28,101.66,100000,101.66
2024-09-25,AAPL,101.47,101.83,100.85,101.55,100000,101.55
2024-09-26,AAPL,101.91,103.35,101.87,102.07,100000,102.07
2024-09-27,AAPL,103.2,103.27,102.63,103.21,112782,103.21
2024-09-30,AAPL,102.65,102.72,102.17,102.4,100000,102.4
2024-10-01,AAPL,104.84,106.03,104.16,104.55,185462,104.55
2024-10-02,AAPL,105.46,105.77,104.69,105.73,128858,105.73
2024-10-03,AAPL,106.94,109.13,106.06,107.6,143555,107.6
2024-10-04,AAPL,106.03,107.15,105.12,105.72,128128,105.72
2024-10-07,AAPL,105.07,105.76,103.62,105.38,100000,105.38
2024-10-08,AAPL,105.65,105.77,104.92,105.43,100000,105.43
2024-10-09,AAPL,103.71,104.23,103.32,103.64,177108,103.64
2024-10-10,AAPL,103.63,104.26,103.3,103.58,100000,103.58
2024-10-11,AAPL,104.34,105.1,104.1,104.28,100000,104.28
2024-10-14,AAPL,104.77,105.12,103.7,105.01,100000,105.01
2024-10-15,AAPL,102.19,102.58,101.75,101.83,380836,101.83
2024-10-16,AAPL,101.71,102.16,101.7,102.13,100000,102.13
2024-10-17,AAPL,101.23,102.26,100.7,101.07,120173,101.07
2024-10-18,AAPL,99.83,100.06,99.43,99.98,101856,99.98
2024-10-21,AAPL,100.78,101.67,99.28,100.4,100000,100.4
2024-10-22,AAPL,102.62,103.41,101.34,102.83,100000,102.83
2024-10-23,AAPL,103.93,105.1,103.35,104.41,200812,104.41
2024-10-24,AAPL,105.57,106.73,104.55,105.47,100000,105.47
2024-10-25,AAPL,107.47,108.83,107.21,108.01,245630,108.01
2024-10-28,AAPL,106.51,107.96,105.84,106.07,100000,106.07
2024-10-29,AAPL,103.55,104.9,102.17,104.13,100000,104.13
2024-10-30,AAPL,102.48,102.82,101.29,102.32,107307,102.32
2024-10-31,AAPL,101.86,102.07,101.2,101.7,100000,101.7
2024-11-01,AAPL,104.28,104.7,104.17,104.33,309409,104.33
2024-11-04,AAPL,104.27,105.46,103.82,104.07,100000,104.07
2024-11-05,AAPL,104.62,106.22,103.72,104.74,100000,104.74
2024-11-06,AAPL,103.97,105.32,103.4,104.4,100000,104.4
2024-11-07,AAPL,103.95,104.3,103.11,103.66,100000,103.66
2024-11-08,AAPL,100.3,101.02,99.68,100.55,311184,100.55
2024-11-11,AAPL,100.42,100.64,99.72,100.47,100000,100.47
2024-11-12,AAPL,96.9,97.17,96.35,96.93,471057,96.93
2024-11-13,AAPL,97.18,98.33,96.18,96.67,100000,96.67
2024-11-14,AAPL,95.85,96.09,94.23,95.69,100000,95.69
2024-11-15,AAPL,95.77,96.08,95.32,95.86,100000,95.86
2024-11-18,AAPL,94.71,95.73,93.46,94.85,100277,94.85
2024-11-19,AAPL,94.91,95.04,94.88,94.99,100000,94.99
2024-11-20,AAPL,95.21,95.55,94.04,94.64,100000,94.64
2024-11-21,AAPL,93.95,94.61,93.42,94.17,100000,94.17
2024-11-22,AAPL,93.89,94.84,91.78,93.55,100000,93.55
2024-11-25,AAPL,94.23,94.58,93.9,94.18,100000,94.18
2024-11-26,AAPL,94.47,94.99,93.82,94.1,100000,94.1
2024-11-27,AAPL,93.26,93.52,92.64,93.08,152326,93.08
2024-11-28,AAPL,94.51,94.78,93.36,94.4,100000,94.4
2024-11-29,AAPL,91.45,92.49,90.89,91.62,258066,91.62
2024-12-02,AAPL,92.01,92.91,91.81,92.04,100000,92.04
2024-12-03,AAPL,90.75,91.09,90.22,90.84,101359,90.84
2024-12-04,AAPL,90.18,90.73,88.97,90.44,100000,90.44
2024-12-05,AAPL,87.06,87.67,86.26,87.27,506417,87.27
2024-12-06,AAPL,87.89,89.49,87.59,87.83,100000,87.83
2024-12-09,AAPL,85.89,86.74,85.49,86.31,153810,86.31
2024-12-10,AAPL,85.14,86.03,85.05,85.31,100000,85.31
2024-12-11,AAPL,84.58,85.49,84.53,84.72,100000,84.72
2024-12-12,AAPL,83.95,84.11,83.4,83.84,100000,83.84
2024-12-13,AAPL,83.11,83.8,82.43,83.09,100000,83.09
2024-12-16,AAPL,81.63,81.99,81.26,81.83,100000,81.83
2024-12-17,AAPL,80.61,81.68,80.01,80.36,182566,80.36
2024-12-18,AAPL,82.09,82.46,81.09,82.23,232696,82.23
2024-12-19,AAPL,80.13,80.74,79.82,80.64,246303,80.64
2024-12-20,AAPL,80.97,82.68,80.66,81.61,100000,81.61
2024-12-23,AAPL,78.86,79.43,78.35,78.89,239982,78.89
2024-12-24,AAPL,78.88,79.66,77.65,78.46,100000,78.46
2024-12-25,AAPL,77.31,77.69,76.53,76.61,317155,76.61
2024-12-26,AAPL,77.1,78.07,76.87,77.23,105482,77.23
2024-12-27,AAPL,76.05,76.38,75.73,76.01,197158,76.01
2024-12-30,AAPL,77.17,78.08,76.45,76.96,197758,76.96
2024-12-31,AAPL,77.55,77.81,77.03,77.14,100000,77.14
2025-01-01,AAPL,77.07,77.75,76.61,77.0,100000,77.0
2025-01-02,AAPL,76.21,76.39,75.72,75.88,179985,75.88
2025-01-03,AAPL,76.55,76.69,75.48,76.42,100000,76.42
2025-01-06,AAPL,77.7,77.82,76.96,77.58,132085,77.58
2025-01-07,AAPL,77.39,78.87,76.9,77.49,100000,77.49
2025-01-08,AAPL,77.08,77.72,76.76,77.56,100000,77.56
2025-01-09,AAPL,76.63,77.26,75.03,77.14,100000,77.14
2025-01-10,AAPL,76.5,77.33,75.99,76.21,172767,76.21
2025-01-13,AAPL,77.39,77.71,76.52,77.24,188235,77.24
2025-01-14,AAPL,76.79,77.06,76.07,76.65,100000,76.65
2025-01-15,AAPL,76.49,77.14,76.15,76.23,100000,76.23
2025-01-16,AAPL,75.82,76.34,74.85,75.76,100000,75.76
2025-01-17,AAPL,76.94,77.06,76.54,76.64,100000,76.64
2025-01-20,AAPL,76.82,76.87,76.64,76.71,100000,76.71
2025-01-21,AAPL,77.06,77.79,76.35,76.84,100000,76.84
2025-01-22,AAPL,75.82,76.11,75.31,75.53,192673,75.53
2025-01-23,AAPL,75.67,76.2,75.49,76.0,100000,76.0
2025-01-24,AAPL,76.28,76.98,75.92,76.19,100000,76.19
2025-01-27,AAPL,76.18,76.37,75.92,76.25,100000,76.25
2025-01-28,AAPL,74.98,75.33,74.55,75.08,116792,75.08
2025-01-29,AAPL,75.58,76.03,75.45,75.56,100000,75.56
2025-01-30,AAPL,75.7,76.18,75.28,75.91,100000,75.91
2025-01-31,AAPL,76.84,76.85,75.74,76.36,100000,76.36
2025-02-03,AAPL,76.06,76.32,74.84,75.95,100000,75.95
2025-02-04,AAPL,76.56,76.85,75.99,76.41,100000,76.41
2025-02-05,AAPL,77.75,78.43,77.17,77.74,146928,77.74
2025-02-06,AAPL,78.35,78.67,77.51,78.37,100000,78.37
2025-02-07,AAPL,76.99,77.92,76.55,77.23,198989,77.23
2025-02-10,AAPL,79.3,79.51,78.71,79.2,231859,79.2
2025-02-11,AAPL,78.03,78.68,77.37,77.52,249183,77.52
2025-02-12,AAPL,77.45,78.29,77.1,77.42,100000,77.42
2025-02-13,AAPL,78.13,78.7,78.01,78.11,100077,78.11
2025-02-14,AAPL,77.07,77.39,76.87,77.08,141590,77.08
2025-02-17,AAPL,75.97,76.38,75.41,76.31,159876,76.31
2025-02-18,AAPL,76.29,76.61,75.83,76.26,100000,76.26
2025-02-19,AAPL,76.6,77.28,76.25,76.68,100000,76.68
2025-02-20,AAPL,78.19,78.49,77.24,78.11,233755,78.11
2025-02-21,AAPL,79.07,79.15,77.72,78.52,100000,78.52
2025-02-24,AAPL,76.26,76.91,75.82,76.52,229324,76.52
2025-02-25,AAPL,77.08,77.56,76.4,76.9,100000,76.9
2025-02-26,AAPL,76.85,77.57,76.45,76.94,100000,76.94
2025-02-27,AAPL,79.17,79.34,78.93,79.11,292036,79.11
2025-02-28,AAPL,77.4,77.46,76.75,77.0,307692,77.0
2025-03-03,AAPL,76.03,76.16,75.74,76.01,109107,76.01
2025-03-04,AAPL,74.99,75.75,74.55,75.36,100000,75.36
2025-03-05,AAPL,76.29,77.45,76.06,76.13,100000,76.13
2025-03-06,AAPL,74.98,75.13,74.55,75.11,123692,75.11
2025-03-07,AAPL,74.68,75.37,74.06,74.86,100000,74.86
2025-03-10,AAPL,74.85,75.67,74.34,74.63,100000,74.63
2025-03-11,AAPL,73.13,73.56,72.67,73.29,194876,73.29
2025-03-12,AAPL,74.73,75.2,74.54,74.67,194377,74.67
2025-03-13,AAPL,75.81,76.47,75.54,75.82,183735,75.82
2025-03-14,AAPL,78.9,79.02,78.61,78.97,331491,78.97
2025-03-17,AAPL,80.27,80.74,79.61,80.33,230456,80.33
2025-03-18,AAPL,79.83,79.91,79.54,79.8,100000,79.8
2025-03-19,AAPL,80.58,81.1,80.39,80.46,100000,80.46
2025-03-20,AAPL,81.66,82.81,81.0,81.96,238757,81.96
2025-03-21,AAPL,82.03,83.29,81.09,81.78,100000,81.78
2025-03-24,AAPL,81.21,81.61,80.59,81.31,100000,81.31
2025-03-25,AAPL,81.69,82.08,81.24,81.86,102051,81.86
2025-03-26,AAPL,82.29,82.59,81.61,81.97,100000,81.97
2025-03-27,AAPL,79.88,80.5,79.45,80.18,130679,80.18
2025-03-28,AAPL,78.53,80.15,78.3,78.77,130482,78.77
2025-03-31,AAPL,78.85,78.91,78.66,78.69,100000,78.69
2025-04-01,AAPL,79.23,79.92,78.94,79.42,100000,79.42
2025-04-02,AAPL,80.0,80.28,79.92,79.93,100000,79.93
2025-04-03,AAPL,79.03,79.38,78.68,78.93,185760,78.93
2025-04-04,AAPL,81.0,81.72,80.38,80.68,202136,80.68
2025-04-07,AAPL,79.23,79.92,79.16,79.34,173758,79.34
2025-04-08,AAPL,79.22,80.34,77.88,79.29,100000,79.29
2025-04-09,AAPL,79.66,79.92,79.08,79.33,100000,79.33
2025-04-10,AAPL,75.8,76.18,75.44,76.14,175387,76.14
2025-04-11,AAPL,74.76,75.37,74.71,74.83,137236,74.83
2025-04-14,AAPL,74.98,75.83,74.51,75.28,100000,75.28
2025-04-15,AAPL,76.76,77.4,75.86,76.74,166542,76.74
2025-04-16,AAPL,77.33,77.69,77.3,77.46,100000,77.46
2025-04-17,AAPL,77.56,78.02,76.47,77.39,100000,77.39
2025-04-18,AAPL,78.3,79.36,78.17,78.35,154372,78.35
2025-04-21,AAPL,76.92,77.86,76.68,77.2,163364,77.2
2025-04-22,AAPL,77.88,78.8,77.67,77.82,108043,77.82
2025-04-23,AAPL,78.48,79.23,77.69,78.71,154256,78.71
2025-04-24,AAPL,78.15,78.67,76.88,78.6,100000,78.6
2025-04-25,AAPL,79.15,80.01,79.04,79.42,180808,79.42
2025-04-28,AAPL,78.9,79.45,78.83,79.14,100000,79.14
2025-04-29,AAPL,79.52,79.53,79.16,79.39,100000,79.39
2025-04-30,AAPL,79.0,80.16,77.88,79.16,100000,79.16
2025-05-01,AAPL,80.39,80.69,80.14,80.54,236879,80.54
2025-05-02,AAPL,79.07,79.32,78.49,78.59,171644,78.59
2025-05-05,AAPL,78.69,78.79,77.71,78.6,100000,78.6
2025-05-06,AAPL,77.17,77.85,77.1,77.22,100000,77.22
2025-05-07,AAPL,78.37,79.34,77.37,78.75,152928,78.75
2025-05-08,AAPL,78.32,79.22,77.21,77.76,100000,77.76
2025-05-09,AAPL,77.79,79.1,77.13,78.12,100000,78.12
2025-05-12,AAPL,79.52,80.07,78.65,79.14,100000,79.14
2025-05-13,AAPL,78.23,79.46,77.21,78.69,100000,78.69
2025-05-14,AAPL,78.64,78.95,78.15,78.32,100000,78.32
2025-05-15,AAPL,79.23,80.32,79.08,79.39,132530,79.39
2025-05-16,AAPL,78.81,79.53,78.47,78.72,100000,78.72
2025-05-19,AAPL,78.34,78.6,78.28,78.57,100000,78.57
2025-05-20,AAPL,80.17,80.66,78.58,79.61,154548,79.61
2025-05-21,AAPL,78.06,78.3,77.47,77.94,220595,77.94
2025-05-22,AAPL,78.76,79.35,77.39,78.55,100000,78.55
2025-05-23,AAPL,77.59,78.19,77.55,77.88,100000,77.88
2025-05-26,AAPL,78.77,79.46,77.28,78.66,107633,78.66
2025-05-27,AAPL,78.71,78.86,76.89,78.23,100000,78.23
2025-05-28,AAPL,78.66,79.1,78.06,78.39,100000,78.39
2025-05-29,AAPL,75.23,76.17,75.18,75.44,378621,75.44
2025-05-30,AAPL,76.29,77.28,76.09,76.18,100000,76.18
2025-06-02,AAPL,76.49,76.51,75.97,76.5,100000,76.5
2025-06-03,AAPL,75.99,76.52,75.35,75.72,125835,75.72
2025-06-04,AAPL,73.94,74.04,73.31,73.75,319037,73.75
2025-06-05,AAPL,72.09,72.56,72.01,72.34,191350,72.34
2025-06-06,AAPL,72.49,73.13,71.93,72.39,100000,72.39
2025-06-09,AAPL,71.19,71.83,71.11,71.17,195837,71.17
2025-06-10,AAPL,69.07,69.6,68.64,69.25,401229,69.25
2025-06-11,AAPL,69.22,69.34,69.1,69.17,100000,69.17
2025-06-12,AAPL,67.42,68.0,67.04,67.68,147043,67.68
2025-06-13,AAPL,69.5,69.89,69.24,69.74,219122,69.74
2025-06-16,AAPL,68.65,68.96,68.23,68.67,147990,68.67
2025-06-17,AAPL,68.68,69.16,68.15,68.56,100000,68.56
2025-06-18,AAPL,68.49,69.03,67.58,68.22,100000,68.22
2025-06-19,AAPL,67.92,68.63,66.74,68.04,100000,68.04
2025-06-20,AAPL,67.89,68.47,67.51,67.9,100000,67.9
2025-06-23,AAPL,66.8,67.09,66.44,66.89,155965,66.89
2025-06-24,AAPL,67.26,67.28,67.03,67.07,100000,67.07
2025-06-25,AAPL,68.51,69.96,67.9,68.56,179609,68.56
2025-06-26,AAPL,68.68,69.71,68.44,68.75,100000,68.75
2025-06-27,AAPL,69.69,70.63,69.43,69.8,176527,69.8
2025-06-30,AAPL,69.09,69.63,68.45,69.48,100000,69.48
2025-07-01,AAPL,70.12,70.34,69.68,70.13,100000,70.13
2025-07-02,AAPL,70.75,70.93,69.79,70.67,100000,70.67
2025-07-03,AAPL,72.24,72.82,72.15,72.44,303481,72.44
2025-07-04,AAPL,71.13,71.19,71.0,71.05,192208,71.05
2025-07-07,AAPL,71.6,72.05,70.94,71.42,100000,71.42
2025-07-08,AAPL,70.17,70.48,69.95,70.14,101103,70.14
2025-07-09,AAPL,70.83,71.56,69.72,70.96,100000,70.96
2025-07-10,AAPL,69.75,70.21,68.87,69.86,121491,69.86
2025-07-11,AAPL,68.31,69.45,67.41,68.52,100000,68.52
2025-07-14,AAPL,67.49,68.17,67.0,67.55,168766,67.55
2025-07-15,AAPL,68.01,68.54,67.39,68.13,100000,68.13
2025-07-16,AAPL,69.0,69.78,68.72,68.94,122253,68.94
2025-07-17,AAPL,67.24,68.24,66.54,67.34,211507,67.34
2025-07-18,AAPL,68.4,69.11,68.08,68.48,128022,68.48
2025-07-21,AAPL,66.64,67.88,65.87,67.12,202129,67.12
2025-07-22,AAPL,67.43,67.63,67.02,67.16,100000,67.16
2025-07-23,AAPL,66.71,67.41,66.64,66.7,100000,66.7
2025-07-24,AAPL,66.95,66.96,66.56,66.9,100000,66.9
2025-07-25,AAPL,67.87,68.25,67.46,67.83,160650,67.83
2025-07-28,AAPL,66.48,67.69,66.21,66.72,151013,66.72
2025-07-29,AAPL,66.95,67.0,66.47,66.92,100000,66.92
2025-07-30,AAPL,68.52,69.04,68.1,68.43,250449,68.43
2025-07-31,AAPL,69.03,69.58,68.61,68.85,100000,68.85
2025-08-01,AAPL,67.83,68.07,67.77,68.01,131013,68.01
2025-08-04,AAPL,68.22,68.41,67.01,68.2,100000,68.2
2025-08-05,AAPL,68.09,68.3,67.72,68.15,100000,68.15
2025-08-06,AAPL,67.74,67.83,67.44,67.71,100000,67.71
2025-08-07,AAPL,67.14,67.52,66.83,67.36,100000,67.36
2025-08-08,AAPL,68.32,69.3,67.72,68.17,104981,68.17
2025-08-11,AAPL,66.84,67.4,66.41,66.82,192902,66.82
2025-08-12,AAPL,67.82,68.64,67.45,67.48,100000,67.48
2025-08-13,AAPL,66.74,67.62,66.31,66.69,129259,66.69
2025-08-14,AAPL,67.15,67.41,67.08,67.31,100000,67.31
2025-08-15,AAPL,67.16,67.91,66.1,67.19,100000,67.19
2025-08-18,AAPL,67.43,67.94,67.09,67.46,100000,67.46
2025-08-19,AAPL,66.65,67.16,66.36,66.74,137992,66.74
2025-08-20,AAPL,67.52,67.71,67.16,67.56,147607,67.56
2025-08-21,AAPL,67.15,68.31,67.0,67.38,100000,67.38
2025-08-22,AAPL,65.92,66.4,65.25,66.16,162312,66.16
2025-08-25,AAPL,65.44,66.25,65.08,65.5,152623,65.5
2025-08-26,AAPL,67.12,67.2,66.47,66.94,122539,66.94
2025-08-27,AAPL,67.39,67.55,66.71,67.53,100000,67.53
2025-08-28,AAPL,66.47,66.79,66.36,66.47,184292,66.47
2025-08-29,AAPL,65.69,65.88,65.08,65.73,100000,65.73
2025-09-01,AAPL,65.2,65.91,64.58,65.41,100000,65.41
2025-09-02,AAPL,64.74,64.76,64.02,64.58,129574,64.58
2025-09-03,AAPL,64.98,65.43,64.44,65.33,132288,65.33
2025-09-04,AAPL,64.54,65.04,64.46,64.69,116401,64.69
2025-09-05,AAPL,64.7,65.64,64.24,64.91,100000,64.91
2025-09-08,AAPL,64.16,64.28,63.94,64.0,153672,64.0
2025-09-09,AAPL,64.22,64.47,63.53,63.9,100000,63.9
2025-09-10,AAPL,63.21,63.83,62.72,62.9,159096,62.9
2025-09-11,AAPL,61.69,61.72,61.41,61.69,242086,61.69
2025-09-12,AAPL,63.0,63.89,62.65,62.98,192136,62.98
2023-09-13,MSFT,288.82,290.98,286.28,288.27,100000,288.27
2023-09-14,MSFT,288.04,288.72,285.39,287.54,100000,287.54
2023-09-15,MSFT,285.21,287.6,282.71,285.59,100000,285.59
2023-09-18,MSFT,287.2,288.71,287.16,287.52,100000,287.52
2023-09-19,MSFT,290.88,292.11,289.68,292.0,143098,292.0
2023-09-20,MSFT,293.2,295.71,292.47,294.31,100000,294.31
2023-09-21,MSFT,290.57,293.39,287.7,290.75,100000,290.75
2023-09-22,MSFT,288.19,289.07,285.61,288.76,100000,288.76
2023-09-25,MSFT,290.59,293.34,287.76,290.72,100000,290.72
2023-09-26,MSFT,292.86,294.17,290.21,290.75,100000,290.75
2023-09-27,MSFT,295.61,295.8,293.34,294.88,167441,294.88
2023-09-28,MSFT,290.47,292.18,289.34,290.32,120211,290.32
2023-09-29,MSFT,290.2,293.17,289.09,291.53,100000,291.53
2023-10-02,MSFT,291.72,292.91,290.04,291.08,100000,291.08
2023-10-03,MSFT,298.14,299.55,295.32,297.54,282900,297.54
2023-10-04,MSFT,291.6,293.41,288.96,291.24,201420,291.24
2023-10-05,MSFT,296.28,296.69,291.47,294.86,156874,294.86
2023-10-06,MSFT,291.92,293.92,291.15,292.33,110797,292.33
2023-10-09,MSFT,292.67,293.62,291.46,292.22,100000,292.22
2023-10-10,MSFT,290.57,291.83,288.48,291.44,100000,291.44
2023-10-11,MSFT,292.17,292.5,288.5,291.88,100000,291.88
2023-10-12,MSFT,291.85,292.16,290.96,291.76,100000,291.76
2023-10-13,MSFT,293.15,293.96,290.53,293.38,100000,293.38
2023-10-16,MSFT,296.88,298.93,295.62,297.26,111936,297.26
2023-10-17,MSFT,295.97,299.01,295.05,296.69,100000,296.69
2023-10-18,MSFT,294.65,295.0,291.75,294.74,100000,294.74
2023-10-19,MSFT,294.66,295.0,294.4,294.59,100000,294.59
2023-10-20,MSFT,299.92,300.55,297.25,300.06,100000,300.06
2023-10-23,MSFT,309.86,310.16,308.81,309.04,445078,309.04
2023-10-24,MSFT,305.59,306.75,305.55,305.85,144051,305.85
2023-10-25,MSFT,305.86,306.94,303.81,305.49,100000,305.49
2023-10-26,MSFT,304.57,307.3,303.01,305.03,100000,305.03
2023-10-27,MSFT,315.46,316.41,313.58,314.05,201978,314.05
2023-10-30,MSFT,309.15,312.7,304.56,309.44,119172,309.44
2023-10-31,MSFT,315.37,319.19,313.66,315.58,136367,315.58
2023-11-01,MSFT,313.83,317.33,312.36,314.07,100000,314.07
2023-11-02,MSFT,309.91,311.21,308.54,310.88,113390,310.88
2023-11-03,MSFT,316.57,316.79,312.51,315.49,192538,315.49
2023-11-06,MSFT,323.83,325.79,321.92,322.78,164167,322.78
2023-11-07,MSFT,321.88,324.61,320.74,320.97,100000,320.97
2023-11-08,MSFT,327.41,329.5,326.86,328.29,339879,328.29
2023-11-09,MSFT,325.19,326.93,323.64,325.4,125178,325.4
2023-11-10,MSFT,323.07,324.83,322.45,323.42,100000,323.42
2023-11-13,MSFT,328.52,329.7,327.79,328.24,159234,328.24
2023-11-14,MSFT,329.59,329.95,328.04,329.24,100000,329.24
2023-11-15,MSFT,327.07,328.4,326.11,328.27,100000,328.27
2023-11-16,MSFT,324.54,325.94,324.42,325.14,100000,325.14
2023-11-17,MSFT,322.31,325.63,320.77,322.9,100000,322.9
2023-11-20,MSFT,331.0,332.19,330.33,330.7,269586,330.7
2023-11-21,MSFT,333.24,333.83,329.05,333.3,120616,333.3
2023-11-22,MSFT,327.82,330.64,326.26,328.23,135560,328.23
2023-11-23,MSFT,327.75,330.95,324.19,327.56,100000,327.56
2023-11-24,MSFT,324.0,325.55,323.65,325.11,100000,325.11
2023-11-27,MSFT,322.12,323.7,321.09,323.29,100000,323.29
2023-11-28,MSFT,324.09,325.37,321.04,323.39,100000,323.39
2023-11-29,MSFT,324.84,326.35,322.24,326.28,103433,326.28
2023-11-30,MSFT,328.88,330.93,328.05,328.4,100000,328.4
2023-12-01,MSFT,328.59,330.18,324.19,329.03,100000,329.03
2023-12-04,MSFT,333.21,335.03,327.48,332.15,100000,332.15
2023-12-05,MSFT,332.66,337.59,329.98,334.53,100000,334.53
2023-12-06,MSFT,333.07,334.44,332.64,333.11,100000,333.11
2023-12-07,MSFT,327.68,331.88,325.71,328.7,179452,328.7
2023-12-08,MSFT,322.3,323.45,320.79,323.24,203036,323.24
2023-12-11,MSFT,325.3,325.94,323.5,324.9,100000,324.9
2023-12-12,MSFT,325.71,327.04,324.09,326.64,100000,326.64
2023-12-13,MSFT,317.28,322.01,317.04,317.9,260765,317.9
2023-12-14,MSFT,318.88,322.29,317.15,319.44,100000,319.44
2023-12-15,MSFT,323.14,325.18,322.45,322.79,121199,322.79
2023-12-18,MSFT,322.01,324.41,321.16,321.41,100000,321.41
2023-12-19,MSFT,321.8,322.33,318.96,321.94,100000,321.94
2023-12-20,MSFT,319.49,320.0,317.98,318.89,100000,318.89
2023-12-21,MSFT,319.77,321.99,318.71,320.52,100000,320.52
2023-12-22,MSFT,322.9,324.6,321.62,322.68,100000,322.68
2023-12-25,MSFT,316.03,317.4,315.2,316.89,220468,316.89
2023-12-26,MSFT,315.96,319.85,315.07,316.34,100000,316.34
2023-12-27,MSFT,315.36,316.76,310.29,314.82,100000,314.82
2023-12-28,MSFT,314.26,314.39,312.68,313.22,100000,313.22
2023-12-29,MSFT,316.32,318.72,315.62,317.09,186128,317.09
2024-01-01,MSFT,319.11,321.28,318.73,319.28,100000,319.28
2024-01-02,MSFT,325.09,326.95,324.86,325.72,195520,325.72
2024-01-03,MSFT,329.05,330.16,327.26,328.82,117611,328.82
2024-01-04,MSFT,333.04,333.96,331.64,333.5,186398,333.5
2024-01-05,MSFT,330.67,333.1,329.25,331.45,100000,331.45
2024-01-08,MSFT,326.0,328.56,325.87,325.97,180381,325.97
2024-01-09,MSFT,324.35,324.39,323.52,324.37,100000,324.37
2024-01-10,MSFT,326.41,331.15,323.82,326.21,100000,326.21
2024-01-11,MSFT,328.43,329.96,327.84,328.16,100000,328.16
2024-01-12,MSFT,329.79,330.84,327.72,329.02,100000,329.02
2024-01-15,MSFT,329.38,331.13,326.11,330.52,100000,330.52
2024-01-16,MSFT,324.52,327.18,321.6,324.3,172393,324.3
2024-01-17,MSFT,321.62,325.69,319.86,321.19,100000,321.19
2024-01-18,MSFT,318.31,320.49,315.91,318.2,100000,318.2
2024-01-19,MSFT,316.29,318.35,315.35,316.54,100000,316.54
2024-01-22,MSFT,319.11,320.55,315.68,318.6,100000,318.6
2024-01-23,MSFT,317.48,318.85,317.08,318.27,100000,318.27
2024-01-24,MSFT,313.74,316.53,312.98,314.6,187078,314.6
2024-01-25,MSFT,310.92,312.32,310.71,311.6,126205,311.6
2024-01-26,MSFT,318.25,318.9,313.89,317.22,202796,317.22
2024-01-29,MSFT,318.16,318.43,316.91,317.48,100000,317.48
2024-01-30,MSFT,317.09,318.44,312.18,317.11,100000,317.11
2024-01-31,MSFT,314.21,316.58,311.7,312.9,108822,312.9
2024-02-01,MSFT,311.53,312.59,308.87,310.22,100000,310.22
2024-02-02,MSFT,309.34,310.81,308.12,309.12,100000,309.12
2024-02-05,MSFT,314.17,315.47,311.98,314.2,159471,314.2
2024-02-06,MSFT,311.8,312.25,310.62,312.06,100000,312.06
2024-02-07,MSFT,312.8,313.94,308.05,311.32,100000,311.32
2024-02-08,MSFT,311.87,312.84,311.24,311.94,100000,311.94
2024-02-09,MSFT,307.75,309.07,306.2,307.59,201481,307.59
2024-02-12,MSFT,308.47,311.95,307.09,309.66,100000,309.66
2024-02-13,MSFT,311.71,314.15,311.63,313.06,170686,313.06
2024-02-14,MSFT,313.08,314.03,312.84,313.57,100000,313.57
2024-02-15,MSFT,309.97,312.29,309.56,310.47,100000,310.47
2024-02-16,MSFT,309.06,309.62,307.29,309.32,100000,309.32
2024-02-19,MSFT,310.06,313.43,308.05,309.64,100000,309.64
2024-02-20,MSFT,321.15,322.89,320.51,322.32,550682,322.32
2024-02-21,MSFT,322.68,324.68,318.74,323.21,100000,323.21
2024-02-22,MSFT,319.77,322.02,319.69,321.34,100000,321.34
2024-02-23,MSFT,323.95,326.55,318.79,323.45,100000,323.45
2024-02-26,MSFT,322.14,322.97,320.98,322.12,100000,322.12
2024-02-27,MSFT,319.14,319.69,318.59,319.11,100000,319.11
2024-02-28,MSFT,324.66,327.09,323.84,324.41,101966,324.41
2024-02-29,MSFT,322.83,325.79,321.99,323.78,100000,323.78
2024-03-01,MSFT,320.9,326.48,317.97,321.59,100000,321.59
2024-03-04,MSFT,321.84,322.76,317.39,321.11,100000,321.11
2024-03-05,MSFT,315.06,318.04,313.59,316.83,107122,316.83
2024-03-06,MSFT,308.12,308.41,305.27,307.79,279059,307.79
2024-03-07,MSFT,311.74,314.44,311.67,312.33,127869,312.33
2024-03-08,MSFT,315.09,317.26,313.85,316.36,133444,316.36
2024-03-11,MSFT,312.89,316.85,311.31,313.69,112102,313.69
2024-03-12,MSFT,309.89,314.6,305.93,310.74,120052,310.74
2024-03-13,MSFT,307.53,309.86,305.03,307.07,115261,307.07
2024-03-14,MSFT,313.35,314.09,309.87,312.8,180962,312.8
2024-03-15,MSFT,312.59,315.08,312.09,312.49,100000,312.49
2024-03-18,MSFT,314.74,314.94,310.38,313.47,100000,313.47
2024-03-19,MSFT,307.62,308.36,305.51,307.16,164590,307.16
2024-03-20,MSFT,300.72,301.05,299.2,300.43,230592,300.43
2024-03-21,MSFT,300.88,305.28,299.29,301.72,100000,301.72
2024-03-22,MSFT,303.77,305.27,302.02,303.55,100000,303.55
2024-03-25,MSFT,302.53,305.72,302.25,303.3,100000,303.3
2024-03-26,MSFT,294.58,297.28,289.65,293.61,215728,293.61
2024-03-27,MSFT,294.24,296.97,291.72,294.45,100000,294.45
2024-03-28,MSFT,290.67,291.7,287.19,289.49,184940,289.49
2024-03-29,MSFT,288.61,289.87,287.53,288.21,100000,288.21
2024-04-01,MSFT,286.6,289.62,283.05,287.36,100000,287.36
2024-04-02,MSFT,285.28,285.72,280.94,285.58,100000,285.58
2024-04-03,MSFT,284.04,284.76,282.45,283.54,108087,283.54
2024-04-04,MSFT,279.14,281.94,278.84,279.78,166860,279.78
2024-04-05,MSFT,279.8,281.36,278.14,278.66,100000,278.66
2024-04-08,MSFT,281.01,282.68,277.35,280.02,100000,280.02
2024-04-09,MSFT,277.98,279.5,277.26,277.75,100000,277.75
2024-04-10,MSFT,279.32,279.44,276.81,279.12,100000,279.12
2024-04-11,MSFT,281.78,284.84,280.35,281.02,100000,281.02
2024-04-12,MSFT,283.77,287.38,283.12,283.21,100000,283.21
2024-04-15,MSFT,281.59,282.82,280.94,281.58,100000,281.58
2024-04-16,MSFT,279.89,281.06,278.05,280.64,100000,280.64
2024-04-17,MSFT,285.36,285.8,283.12,284.45,146399,284.45
2024-04-18,MSFT,286.36,288.58,285.92,287.24,111985,287.24
2024-04-19,MSFT,288.47,288.52,284.84,287.13,100000,287.13
2024-04-22,MSFT,286.32,289.89,285.9,286.21,100000,286.21
2024-04-23,MSFT,283.25,285.17,281.75,284.21,100000,284.21
2024-04-24,MSFT,289.16,292.67,288.46,288.8,100000,288.8
2024-04-25,MSFT,286.76,288.86,285.65,285.87,179398,285.87
2024-04-26,MSFT,287.28,288.32,283.79,286.49,100000,286.49
2024-04-29,MSFT,284.31,287.24,281.62,284.26,100000,284.26
2024-04-30,MSFT,281.99,284.44,280.81,281.68,132760,281.68
2024-05-01,MSFT,281.73,283.48,276.83,280.92,100000,280.92
2024-05-02,MSFT,285.62,287.37,282.15,285.8,243481,285.8
2024-05-03,MSFT,288.88,290.38,285.25,288.29,100000,288.29
2024-05-06,MSFT,290.7,291.97,288.38,290.69,100000,290.69
2024-05-07,MSFT,284.96,286.51,282.12,285.2,148071,285.2
2024-05-08,MSFT,290.49,294.95,290.39,290.53,157365,290.53
2024-05-09,MSFT,290.51,291.45,290.34,290.99,100000,290.99
2024-05-10,MSFT,287.83,290.81,287.16,287.52,173943,287.52
2024-05-13,MSFT,295.35,297.4,295.31,295.47,193589,295.47
2024-05-14,MSFT,297.67,298.16,294.74,297.3,100000,297.3
2024-05-15,MSFT,288.2,290.25,287.76,289.11,281695,289.11
2024-05-16,MSFT,291.77,294.03,287.82,290.69,100000,290.69
2024-05-17,MSFT,294.2,295.57,292.01,294.6,142800,294.6
2024-05-20,MSFT,288.57,291.21,287.68,289.06,142483,289.06
2024-05-21,MSFT,288.85,290.16,286.84,289.29,100000,289.29
2024-05-22,MSFT,286.9,287.55,284.63,286.23,100000,286.23
2024-05-23,MSFT,288.26,291.12,288.15,288.39,100000,288.39
2024-05-24,MSFT,291.35,291.87,290.05,290.36,100000,290.36
2024-05-27,MSFT,290.5,292.82,288.83,291.35,100000,291.35
2024-05-28,MSFT,290.64,291.48,289.45,290.63,100000,290.63
2024-05-29,MSFT,289.85,290.15,289.02,289.09,100000,289.09
2024-05-30,MSFT,287.25,288.64,286.35,287.36,100000,287.36
2024-05-31,MSFT,291.75,293.51,290.56,292.52,144007,292.52
2024-06-03,MSFT,289.42,291.03,288.46,291.02,100000,291.02
2024-06-04,MSFT,293.18,296.74,291.76,293.04,100000,293.04
2024-06-05,MSFT,300.87,301.48,300.11,300.8,270561,300.8
2024-06-06,MSFT,299.03,300.72,297.65,297.82,100000,297.82
2024-06-07,MSFT,302.95,305.58,301.49,302.06,179855,302.06
2024-06-10,MSFT,305.85,306.85,304.94,305.73,100000,305.73
2024-06-11,MSFT,306.71,307.72,305.31,307.44,100000,307.44
2024-06-12,MSFT,309.31,311.13,306.34,309.81,100000,309.81
2024-06-13,MSFT,314.88,315.29,312.14,313.89,190960,313.89
2024-06-14,MSFT,310.88,312.89,309.24,310.56,116480,310.56
2024-06-17,MSFT,305.16,308.2,303.57,305.06,249630,305.06
2024-06-18,MSFT,305.79,307.93,301.12,305.68,100000,305.68
2024-06-19,MSFT,308.91,310.11,307.48,308.96,178340,308.96
2024-06-20,MSFT,307.26,310.31,305.8,307.15,100000,307.15
2024-06-21,MSFT,309.09,312.21,305.71,308.31,100000,308.31
2024-06-24,MSFT,309.87,310.51,306.43,310.25,100000,310.25
2024-06-25,MSFT,307.75,312.33,307.19,308.08,100000,308.08
2024-06-26,MSFT,310.68,311.47,309.46,310.75,100000,310.75
2024-06-27,MSFT,314.17,314.85,311.33,314.1,121653,314.1
2024-06-28,MSFT,307.97,309.74,305.88,309.45,131531,309.45
2024-07-01,MSFT,306.78,307.38,304.69,307.26,100000,307.26
2024-07-02,MSFT,307.24,309.34,305.83,306.11,100000,306.11
2024-07-03,MSFT,302.92,306.18,301.79,303.52,100000,303.52
2024-07-04,MSFT,304.4,306.57,304.22,304.47,100000,304.47
2024-07-05,MSFT,306.83,307.92,304.47,305.94,100000,305.94
2024-07-08,MSFT,307.93,307.98,306.06,306.51,100000,306.51
2024-07-09,MSFT,304.8,305.64,304.58,304.79,100000,304.79
2024-07-10,MSFT,315.65,316.03,314.99,315.77,369733,315.77
2024-07-11,MSFT,322.86,325.98,322.38,323.41,278420,323.41
2024-07-12,MSFT,324.94,332.19,323.99,325.91,103024,325.91
2024-07-15,MSFT,325.78,329.29,320.41,326.47,100000,326.47
2024-07-16,MSFT,327.43,328.02,324.73,326.61,100000,326.61
2024-07-17,MSFT,324.02,325.97,322.2,324.54,100000,324.54
2024-07-18,MSFT,320.16,324.86,318.85,320.85,100000,320.85
2024-07-19,MSFT,321.81,323.2,314.9,319.56,100000,319.56
2024-07-22,MSFT,314.07,315.46,311.42,314.44,236307,314.44
2024-07-23,MSFT,311.75,312.67,310.76,311.76,112713,311.76
2024-07-24,MSFT,315.03,315.19,312.54,314.09,100000,314.09
2024-07-25,MSFT,319.26,321.73,313.69,318.86,100000,318.86
2024-07-26,MSFT,314.82,316.62,314.03,314.53,157247,314.53
2024-07-29,MSFT,318.2,320.41,315.57,318.22,151820,318.22
2024-07-30,MSFT,320.33,321.74,319.98,320.49,100000,320.49
2024-07-31,MSFT,314.32,317.34,311.63,314.66,211496,314.66
2024-08-01,MSFT,313.55,316.91,312.75,315.41,100000,315.41
2024-08-02,MSFT,313.73,314.77,312.49,313.33,100000,313.33
2024-08-05,MSFT,315.99,317.61,314.35,315.03,100000,315.03
2024-08-06,MSFT,312.69,313.42,311.69,312.35,112446,312.35
2024-08-07,MSFT,315.05,316.44,311.65,315.02,100000,315.02
2024-08-08,MSFT,322.21,322.42,319.76,321.77,147477,321.77
2024-08-09,MSFT,324.1,326.33,322.34,326.01,100000,326.01
2024-08-12,MSFT,325.43,326.98,324.03,326.8,100000,326.8
2024-08-13,MSFT,321.16,322.43,318.77,320.44,244920,320.44
2024-08-14,MSFT,319.16,320.09,317.0,318.51,100000,318.51
2024-08-15,MSFT,320.19,322.33,319.49,322.12,103994,322.12
2024-08-16,MSFT,317.76,320.4,315.89,318.7,150781,318.7
2024-08-19,MSFT,327.86,331.83,327.58,328.48,293755,328.48
2024-08-20,MSFT,333.1,337.9,332.68,334.33,202097,334.33
2024-08-21,MSFT,337.98,340.43,336.72,338.65,147076,338.65
2024-08-22,MSFT,341.91,343.89,339.77,342.87,121187,342.87
2024-08-23,MSFT,337.7,342.2,335.38,337.1,148353,337.1
2024-08-26,MSFT,335.54,341.02,334.58,336.74,100000,336.74
2024-08-27,MSFT,336.74,337.89,334.59,335.8,100000,335.8
2024-08-28,MSFT,336.27,337.68,334.72,335.06,100000,335.06
2024-08-29,MSFT,338.81,339.01,337.51,337.63,100000,337.63
2024-08-30,MSFT,346.16,349.97,344.75,346.87,136051,346.87
2024-09-02,MSFT,349.68,351.56,347.8,350.51,100000,350.51
2024-09-03,MSFT,354.68,356.7,352.53,353.06,100000,353.06
2024-09-04,MSFT,363.63,366.33,360.5,362.82,279462,362.82
2024-09-05,MSFT,365.48,367.88,364.02,366.35,121155,366.35
2024-09-06,MSFT,368.42,369.22,366.58,368.54,100000,368.54
2024-09-09,MSFT,368.09,370.19,366.24,368.12,100000,368.12
2024-09-10,MSFT,365.97,368.32,364.06,365.27,100000,365.27
2024-09-11,MSFT,375.35,378.39,373.43,374.51,175671,374.51
2024-09-12,MSFT,374.45,377.31,371.88,374.72,100000,374.72
2024-09-13,MSFT,367.46,369.5,366.35,368.24,108597,368.24
2024-09-16,MSFT,369.56,371.04,366.7,367.6,100000,367.6
2024-09-17,MSFT,370.07,370.26,369.83,369.96,100000,369.96
2024-09-18,MSFT,368.84,370.23,368.57,369.16,100000,369.16
2024-09-19,MSFT,371.21,372.04,368.3,370.19,100000,370.19
2024-09-20,MSFT,361.34,365.45,359.4,362.24,140196,362.24
2024-09-23,MSFT,356.74,360.04,353.07,357.0,118991,357.0
2024-09-24,MSFT,356.11,357.2,354.8,356.87,100000,356.87
2024-09-25,MSFT,360.65,364.54,359.37,360.61,116280,360.61
2024-09-26,MSFT,360.15,360.62,355.96,358.21,100000,358.21
2024-09-27,MSFT,362.1,364.14,359.3,362.43,100000,362.43
2024-09-30,MSFT,360.51,361.1,355.38,359.3,100000,359.3
2024-10-01,MSFT,358.22,359.09,356.68,358.2,100000,358.2
2024-10-02,MSFT,360.24,363.12,359.5,360.83,100000,360.83
2024-10-03,MSFT,366.06,368.2,364.7,366.31,107665,366.31
2024-10-04,MSFT,360.38,365.58,357.29,361.29,100000,361.29
2024-10-07,MSFT,361.76,361.93,358.44,361.54,100000,361.54
2024-10-08,MSFT,364.8,367.97,364.67,365.88,146610,365.88
2024-10-09,MSFT,367.4,369.06,366.48,367.1,100000,367.1
2024-10-10,MSFT,366.09,367.27,363.34,365.04,100000,365.04
2024-10-11,MSFT,368.87,371.27,365.13,367.86,100000,367.86
2024-10-14,MSFT,363.88,366.28,362.28,364.82,103602,364.82
2024-10-15,MSFT,358.71,359.91,358.17,359.74,230183,359.74
2024-10-16,MSFT,361.32,362.71,360.7,361.27,100000,361.27
2024-10-17,MSFT,363.5,365.17,362.96,363.83,100000,363.83
2024-10-18,MSFT,365.11,365.8,363.43,364.46,100000,364.46
2024-10-21,MSFT,350.66,354.58,349.16,351.39,458617,351.39
2024-10-22,MSFT,360.99,365.8,358.24,359.74,175458,359.74
2024-10-23,MSFT,365.97,368.17,365.77,366.49,202027,366.49
2024-10-24,MSFT,368.59,369.82,367.36,368.1,100000,368.1
2024-10-25,MSFT,369.17,372.48,365.37,367.94,100000,367.94
2024-10-28,MSFT,360.4,362.13,357.67,360.74,205267,360.74
2024-10-29,MSFT,353.27,355.97,350.43,352.6,316545,352.6
2024-10-30,MSFT,343.95,349.95,340.04,345.47,100000,345.47
2024-10-31,MSFT,344.35,349.26,343.69,345.52,100000,345.52
2024-11-01,MSFT,344.56,345.71,344.31,345.3,100000,345.3
2024-11-04,MSFT,340.44,344.26,339.97,341.62,114497,341.62
2024-11-05,MSFT,337.81,340.31,337.22,337.43,165966,337.43
2024-11-06,MSFT,337.31,338.06,336.37,336.88,100000,336.88
2024-11-07,MSFT,331.93,334.64,330.7,332.13,174349,332.13
2024-11-08,MSFT,336.23,338.6,330.24,335.78,101727,335.78
2024-11-11,MSFT,341.34,341.36,339.27,340.11,102486,340.11
2024-11-12,MSFT,343.7,346.79,340.2,343.77,147123,343.77
2024-11-13,MSFT,345.33,347.22,344.53,346.19,100000,346.19
2024-11-14,MSFT,353.29,357.7,352.19,355.21,326885,355.21
2024-11-15,MSFT,362.47,365.41,361.1,362.16,170457,362.16
2024-11-18,MSFT,366.73,367.98,364.13,366.74,100000,366.74
2024-11-19,MSFT,368.7,369.99,363.83,368.06,100000,368.06
2024-11-20,MSFT,374.25,374.66,373.51,374.21,100000,374.21
2024-11-21,MSFT,375.57,378.89,374.16,376.38,100000,376.38
2024-11-22,MSFT,381.14,381.97,375.7,380.14,105878,380.14
2024-11-25,MSFT,373.42,377.2,371.86,372.77,184709,372.77
2024-11-26,MSFT,366.77,370.75,365.66,368.11,100000,368.11
2024-11-27,MSFT,362.42,362.8,359.28,361.69,173827,361.69
2024-11-28,MSFT,366.18,367.84,364.3,364.45,100000,364.45
2024-11-29,MSFT,370.16,371.68,366.12,370.15,179444,370.15
2024-12-02,MSFT,371.89,372.14,371.51,371.87,100000,371.87
2024-12-03,MSFT,367.37,369.07,366.14,367.18,127829,367.18
2024-12-04,MSFT,368.3,373.28,365.15,368.61,100000,368.61
2024-12-05,MSFT,365.2,365.55,363.23,364.2,119142,364.2
2024-12-06,MSFT,368.32,372.23,366.33,369.66,141442,369.66
2024-12-09,MSFT,375.61,377.54,374.55,375.84,279434,375.84
2024-12-10,MSFT,380.83,381.48,378.87,379.8,100000,379.8
2024-12-11,MSFT,379.97,386.77,376.36,379.57,100000,379.57
2024-12-12,MSFT,375.78,379.7,373.8,375.53,149962,375.53
2024-12-13,MSFT,380.08,381.73,377.8,380.25,149217,380.25
2024-12-16,MSFT,373.57,376.9,371.82,376.28,124587,376.28
2024-12-17,MSFT,362.51,363.64,359.31,362.78,271024,362.78
2024-12-18,MSFT,371.32,371.83,369.4,371.48,284114,371.48
2024-12-19,MSFT,371.78,372.03,368.02,370.41,100000,370.41
2024-12-20,MSFT,360.02,362.4,357.54,359.84,383993,359.84
2024-12-23,MSFT,363.24,363.78,360.17,361.64,100000,361.64
2024-12-24,MSFT,354.6,357.61,350.85,355.87,168435,355.87
2024-12-25,MSFT,366.94,368.66,360.9,365.85,304703,365.85
2024-12-26,MSFT,361.54,362.63,361.48,361.58,162557,361.58
2024-12-27,MSFT,360.35,361.56,356.2,358.75,100000,358.75
2024-12-30,MSFT,363.24,366.14,362.48,364.36,206485,364.36
2024-12-31,MSFT,365.36,365.98,362.69,365.83,100000,365.83
2025-01-01,MSFT,365.47,368.51,362.36,366.77,100000,366.77
2025-01-02,MSFT,363.83,363.88,360.04,363.51,146495,363.51
2025-01-03,MSFT,354.5,355.38,354.11,354.96,172261,354.96
2025-01-06,MSFT,354.51,354.73,352.76,353.76,100000,353.76
2025-01-07,MSFT,347.32,347.98,346.35,347.53,121618,347.53
2025-01-08,MSFT,345.18,347.53,344.04,344.65,107967,344.65
2025-01-09,MSFT,342.56,347.25,336.47,341.82,100000,341.82
2025-01-10,MSFT,346.09,350.4,344.99,346.18,110986,346.18
2025-01-13,MSFT,345.91,346.62,341.97,346.57,100000,346.57
2025-01-14,MSFT,346.74,348.59,342.23,346.12,100000,346.12
2025-01-15,MSFT,346.8,349.9,343.18,346.63,100000,346.63
2025-01-16,MSFT,351.04,355.18,344.69,348.26,100000,348.26
2025-01-17,MSFT,344.14,346.96,339.38,343.71,114854,343.71
2025-01-20,MSFT,348.21,355.04,345.06,346.61,100000,346.61
2025-01-21,MSFT,349.4,350.85,348.87,350.27,104258,350.27
2025-01-22,MSFT,348.92,355.89,348.18,349.3,100000,349.3
2025-01-23,MSFT,352.77,356.42,351.91,352.28,100000,352.28
2025-01-24,MSFT,353.56,357.27,352.39,353.36,100000,353.36
2025-01-27,MSFT,347.56,352.42,347.08,349.12,117421,349.12
2025-01-28,MSFT,352.8,356.45,351.11,352.63,100000,352.63
2025-01-29,MSFT,353.76,354.89,350.83,353.06,100000,353.06
2025-01-30,MSFT,353.76,357.04,353.25,353.99,100000,353.99
2025-01-31,MSFT,347.94,349.92,343.47,347.59,181557,347.59
2025-02-03,MSFT,350.61,351.85,348.5,350.43,100000,350.43
2025-02-04,MSFT,348.3,349.97,345.94,347.25,100000,347.25
2025-02-05,MSFT,344.64,346.04,343.62,344.16,113347,344.16
2025-02-06,MSFT,345.85,346.73,342.93,344.71,100000,344.71
2025-02-07,MSFT,341.81,348.68,339.33,343.37,100000,343.37
2025-02-10,MSFT,347.76,350.03,342.6,346.02,100000,346.02
2025-02-11,MSFT,343.42,345.74,342.76,344.51,100000,344.51
2025-02-12,MSFT,346.9,349.47,346.02,347.38,100000,347.38
2025-02-13,MSFT,344.91,345.14,343.09,345.11,100000,345.11
2025-02-14,MSFT,352.18,353.97,345.87,349.59,152943,349.59
2025-02-17,MSFT,346.62,349.59,346.1,346.33,100000,346.33
2025-02-18,MSFT,343.42,344.38,341.47,343.3,100000,343.3
2025-02-19,MSFT,346.81,348.17,345.14,346.8,100000,346.8
2025-02-20,MSFT,342.75,342.9,340.81,341.9,191605,341.9
2025-02-21,MSFT,344.35,346.84,343.66,344.55,100000,344.55
2025-02-24,MSFT,345.83,348.42,344.36,345.71,100000,345.71
2025-02-25,MSFT,350.89,354.18,350.5,350.98,100000,350.98
2025-02-26,MSFT,354.33,354.45,351.77,352.81,100000,352.81
2025-02-27,MSFT,348.95,351.73,345.1,347.94,159267,347.94
2025-02-28,MSFT,347.69,352.35,346.06,349.18,100000,349.18
2025-03-03,MSFT,359.2,360.47,357.35,360.04,180075,360.04
2025-03-04,MSFT,362.28,363.81,361.57,362.15,100000,362.15
2025-03-05,MSFT,365.36,366.42,364.86,365.83,107387,365.83
2025-03-06,MSFT,367.81,371.23,363.11,368.02,100000,368.02
2025-03-07,MSFT,373.45,377.08,369.11,373.21,143637,373.21
2025-03-10,MSFT,370.7,372.15,365.12,370.84,100000,370.84
2025-03-11,MSFT,371.51,375.41,369.11,371.99,100000,371.99
2025-03-12,MSFT,379.14,379.74,376.58,378.97,138369,378.97
2025-03-13,MSFT,382.08,385.04,379.55,381.77,100000,381.77
2025-03-14,MSFT,381.29,382.27,378.45,381.19,100000,381.19
2025-03-17,MSFT,382.5,385.95,377.24,383.15,100000,383.15
2025-03-18,MSFT,379.44,382.61,377.54,379.14,100000,379.14
2025-03-19,MSFT,377.63,379.74,377.2,378.61,100000,378.61
2025-03-20,MSFT,376.48,378.84,376.24,376.24,100000,376.24
2025-03-21,MSFT,370.09,370.85,369.26,370.51,100000,370.51
2025-03-24,MSFT,374.49,375.82,371.71,372.88,100000,372.88
2025-03-25,MSFT,372.27,374.93,370.15,372.69,100000,372.69
2025-03-26,MSFT,377.47,379.55,377.21,377.53,119462,377.53
2025-03-27,MSFT,372.65,375.82,372.0,372.91,100000,372.91
2025-03-28,MSFT,370.36,374.25,364.58,370.25,100000,370.25
2025-03-31,MSFT,375.22,375.7,371.52,375.15,197582,375.15
2025-04-01,MSFT,377.55,379.17,374.44,378.2,132523,378.2
2025-04-02,MSFT,372.03,373.53,368.48,370.73,190637,370.73
2025-04-03,MSFT,362.39,365.54,362.13,363.61,155189,363.61
2025-04-04,MSFT,360.8,366.71,358.19,359.21,100000,359.21
2025-04-07,MSFT,365.36,366.81,362.69,365.88,265370,365.88
2025-04-08,MSFT,365.72,367.46,363.69,366.17,100000,366.17
2025-04-09,MSFT,367.29,371.02,364.87,367.13,100000,367.13
2025-04-10,MSFT,369.18,371.69,366.19,368.61,100000,368.61
2025-04-11,MSFT,371.08,372.24,369.44,371.57,100000,371.57
2025-04-14,MSFT,376.06,378.84,373.48,376.36,157536,376.36
2025-04-15,MSFT,379.56,381.95,377.71,379.79,100000,379.79
2025-04-16,MSFT,388.16,391.77,386.47,387.52,125822,387.52
2025-04-17,MSFT,393.0,396.03,389.81,392.16,131253,392.16
2025-04-18,MSFT,393.08,396.85,390.24,391.55,100000,391.55
2025-04-21,MSFT,384.94,386.7,381.33,385.36,128135,385.36
2025-04-22,MSFT,383.57,384.98,378.27,382.32,100000,382.32
2025-04-23,MSFT,381.09,383.96,381.01,381.48,100000,381.48
2025-04-24,MSFT,384.28,386.41,381.54,385.85,100000,385.85
2025-04-25,MSFT,390.23,391.55,388.97,390.02,100000,390.02
2025-04-28,MSFT,390.56,394.83,389.62,394.15,123525,394.15
2025-04-29,MSFT,390.84,392.02,386.7,391.74,100000,391.74
2025-04-30,MSFT,395.86,397.54,392.68,394.82,100000,394.82
2025-05-01,MSFT,397.59,399.68,394.09,398.06,100000,398.06
2025-05-02,MSFT,393.66,395.4,390.12,392.64,140566,392.64
2025-05-05,MSFT,385.06,387.07,381.04,385.32,167863,385.32
2025-05-06,MSFT,382.12,382.58,377.76,381.58,109212,381.58
2025-05-07,MSFT,383.53,383.95,381.14,383.8,100000,383.8
2025-05-08,MSFT,385.83,387.1,385.2,385.38,100000,385.38
2025-05-09,MSFT,378.62,381.92,378.2,379.26,178672,379.26
2025-05-12,MSFT,383.49,384.91,378.7,380.56,100000,380.56
2025-05-13,MSFT,388.86,392.75,386.82,389.3,222033,389.3
2025-05-14,MSFT,381.73,382.39,378.58,381.5,268955,381.5
2025-05-15,MSFT,381.11,383.12,379.39,379.91,100000,379.91
2025-05-16,MSFT,377.78,379.78,375.03,379.26,100000,379.26
2025-05-19,MSFT,384.84,386.35,379.94,384.24,111977,384.24
2025-05-20,MSFT,388.43,389.32,386.33,388.47,123128,388.47
2025-05-21,MSFT,386.85,388.6,385.27,385.54,100000,385.54
2025-05-22,MSFT,382.94,390.25,382.75,384.13,100000,384.13
2025-05-23,MSFT,389.51,394.22,383.93,389.07,140759,389.07
2025-05-26,MSFT,388.01,391.79,384.51,390.25,100000,390.25
2025-05-27,MSFT,394.99,398.68,391.07,394.94,148860,394.94
2025-05-28,MSFT,394.07,397.4,390.96,393.98,100000,393.98
2025-05-29,MSFT,398.41,401.42,397.86,399.12,100000,399.12
2025-05-30,MSFT,397.08,400.39,395.37,398.74,100000,398.74
2025-06-02,MSFT,404.26,405.59,404.17,404.66,100000,404.66
2025-06-03,MSFT,413.04,414.49,413.01,413.2,275460,413.2
2025-06-04,MSFT,426.35,430.28,423.33,425.3,306951,425.3
2025-06-05,MSFT,428.53,433.5,425.51,429.7,132968,429.7
2025-06-06,MSFT,432.8,434.28,431.32,431.88,100000,431.88
2025-06-09,MSFT,434.43,435.89,427.47,432.89,100000,432.89
2025-06-10,MSFT,434.56,439.83,429.73,433.22,100000,433.22
2025-06-11,MSFT,437.91,440.09,431.01,439.12,199681,439.12
2025-06-12,MSFT,432.17,435.2,429.3,432.39,180947,432.39
2025-06-13,MSFT,433.16,437.1,431.14,434.07,100000,434.07
2025-06-16,MSFT,435.18,435.47,434.89,435.19,100000,435.19
2025-06-17,MSFT,440.5,442.11,439.57,441.42,123174,441.42
2025-06-18,MSFT,443.66,448.32,439.7,442.87,100000,442.87
2025-06-19,MSFT,451.91,457.15,449.05,452.38,207803,452.38
2025-06-20,MSFT,452.69,456.1,447.42,454.04,100000,454.04
2025-06-23,MSFT,456.79,457.97,455.21,456.72,100000,456.72
2025-06-24,MSFT,458.02,462.57,454.57,457.98,100000,457.98
2025-06-25,MSFT,459.22,460.22,456.96,457.98,100000,457.98
2025-06-26,MSFT,464.77,465.59,456.14,461.8,100000,461.8
2025-06-27,MSFT,471.41,472.79,471.24,471.99,308462,471.99
2025-06-30,MSFT,477.89,480.84,475.69,479.6,216030,479.6
2025-07-01,MSFT,474.69,477.24,467.9,472.05,149357,472.05
2025-07-02,MSFT,469.55,470.7,467.08,469.08,100000,469.08
2025-07-03,MSFT,457.67,459.14,455.42,456.34,267981,456.34
2025-07-04,MSFT,457.54,460.38,454.78,458.3,100000,458.3
2025-07-07,MSFT,468.55,471.89,466.35,468.76,226205,468.76
2025-07-08,MSFT,463.08,464.01,462.28,463.32,111236,463.32
2025-07-09,MSFT,458.92,460.65,456.81,458.57,100000,458.57
2025-07-10,MSFT,461.83,464.97,455.98,462.32,100000,462.32
2025-07-11,MSFT,461.57,462.71,460.99,461.24,100000,461.24
2025-07-14,MSFT,463.32,464.61,457.34,461.9,100000,461.9
2025-07-15,MSFT,464.38,465.13,461.3,463.22,100000,463.22
2025-07-16,MSFT,457.31,462.29,455.92,456.88,159315,456.88
2025-07-17,MSFT,461.33,463.79,457.09,460.37,100000,460.37
2025-07-18,MSFT,467.25,471.14,466.57,466.89,157526,466.89
2025-07-21,MSFT,475.89,477.14,472.55,475.74,198272,475.74
2025-07-22,MSFT,466.82,470.21,462.8,466.19,129738,466.19
2025-07-23,MSFT,472.23,475.07,470.94,472.79,100000,472.79
2025-07-24,MSFT,462.23,465.36,457.78,463.29,198120,463.29
2025-07-25,MSFT,461.42,464.46,455.13,460.46,100000,460.46
2025-07-28,MSFT,458.43,460.24,452.86,457.61,100000,457.61
2025-07-29,MSFT,469.28,471.88,467.67,468.88,253041,468.88
2025-07-30,MSFT,472.05,473.19,470.61,473.1,100000,473.1
2025-07-31,MSFT,478.81,479.4,472.09,478.17,100000,478.17
2025-08-01,MSFT,476.99,482.63,472.17,475.2,100000,475.2
2025-08-04,MSFT,477.47,478.63,469.03,476.27,100000,476.27
2025-08-05,MSFT,482.59,485.05,482.18,483.51,100000,483.51
2025-08-06,MSFT,482.22,483.0,475.84,482.09,100000,482.09
2025-08-07,MSFT,488.4,490.58,484.78,488.0,112881,488.0
2025-08-08,MSFT,486.62,490.27,480.95,483.81,101089,483.81
2025-08-11,MSFT,477.77,480.38,476.79,477.13,110974,477.13
2025-08-12,MSFT,476.72,480.39,472.9,476.94,100000,476.94
2025-08-13,MSFT,476.88,477.54,475.59,476.29,100000,476.29
2025-08-14,MSFT,480.44,482.0,478.54,480.73,100000,480.73
2025-08-15,MSFT,490.56,499.79,488.19,492.15,348703,492.15
2025-08-18,MSFT,487.7,489.6,485.41,486.49,100000,486.49
2025-08-19,MSFT,504.59,504.98,498.06,503.92,341873,503.92
2025-08-20,MSFT,500.0,502.56,494.55,499.08,100000,499.08
2025-08-21,MSFT,498.01,502.25,497.64,497.95,100000,497.95
2025-08-22,MSFT,496.42,497.52,492.43,496.1,100000,496.1
2025-08-25,MSFT,492.83,495.32,490.39,495.0,100000,495.0
2025-08-26,MSFT,490.02,491.59,489.63,490.27,122009,490.27
2025-08-27,MSFT,479.88,480.44,479.68,480.0,261136,480.0
2025-08-28,MSFT,474.79,478.0,471.29,473.96,100000,473.96
2025-08-29,MSFT,465.59,474.4,465.52,466.95,236620,466.95
2025-09-01,MSFT,471.45,473.35,462.31,470.35,100000,470.35
2025-09-02,MSFT,471.09,478.18,468.74,474.36,100000,474.36
2025-09-03,MSFT,476.02,478.92,471.76,474.58,100000,474.58
2025-09-04,MSFT,477.15,477.69,472.05,476.44,100000,476.44
2025-09-05,MSFT,475.96,476.82,472.07,476.27,100000,476.27
2025-09-08,MSFT,470.66,474.16,470.18,471.92,113228,471.92
2025-09-09,MSFT,470.39,472.42,469.72,470.77,100000,470.77
2025-09-10,MSFT,469.38,475.11,467.0,468.87,100000,468.87
2025-09-11,MSFT,472.99,475.31,471.54,471.84,100000,471.84
2025-09-12,MSFT,475.48,478.29,474.31,475.87,100000,475.87
2023-09-13,GOOGL,116.56,117.37,115.42,117.01,217381,117.01
2023-09-14,GOOGL,118.98,120.5,118.91,119.29,147380,119.29
2023-09-15,GOOGL,120.93,121.65,120.77,121.2,188651,121.2
2023-09-18,GOOGL,119.57,120.9,119.37,119.93,100000,119.93
2023-09-19,GOOGL,124.66,125.92,124.15,124.15,131259,124.15
2023-09-20,GOOGL,124.01,124.47,122.7,123.95,100000,123.95
2023-09-21,GOOGL,122.99,124.37,122.22,123.53,100000,123.53
2023-09-22,GOOGL,123.82,124.11,123.72,123.96,100000,123.96
2023-09-25,GOOGL,125.09,125.66,124.04,124.9,100000,124.9
2023-09-26,GOOGL,126.12,127.42,124.49,125.68,100000,125.68
2023-09-27,GOOGL,124.53,126.37,124.47,125.37,100000,125.37
2023-09-28,GOOGL,124.37,125.91,124.2,124.44,100000,124.44
2023-09-29,GOOGL,124.92,126.97,124.01,125.32,100000,125.32
2023-10-02,GOOGL,127.97,129.36,125.71,127.34,100000,127.34
2023-10-03,GOOGL,122.55,124.81,122.18,122.81,366900,122.81
2023-10-04,GOOGL,124.26,125.53,122.6,124.1,103933,124.1
2023-10-05,GOOGL,123.7,124.33,122.59,123.84,100000,123.84
2023-10-06,GOOGL,123.74,124.09,122.79,123.75,100000,123.75
2023-10-09,GOOGL,121.88,123.34,121.62,122.01,111716,122.01
2023-10-10,GOOGL,122.69,123.71,121.83,123.18,100000,123.18
2023-10-11,GOOGL,124.14,124.51,123.71,124.35,100000,124.35
2023-10-12,GOOGL,123.84,124.26,122.75,123.68,100000,123.68
2023-10-13,GOOGL,121.76,122.47,121.2,122.22,141245,122.22
2023-10-16,GOOGL,119.47,120.51,119.14,120.35,233462,120.35
2023-10-17,GOOGL,122.64,124.1,121.85,122.93,266836,122.93
2023-10-18,GOOGL,124.47,124.91,123.64,124.7,129134,124.7
2023-10-19,GOOGL,124.93,126.18,123.34,125.06,100000,125.06
2023-10-20,GOOGL,124.4,126.2,123.6,124.19,100000,124.19
2023-10-23,GOOGL,122.09,124.02,121.18,123.06,100000,123.06
2023-10-24,GOOGL,119.8,122.73,119.07,120.48,260149,120.48
2023-10-25,GOOGL,122.02,122.18,120.92,121.65,100000,121.65
2023-10-26,GOOGL,122.81,123.34,121.52,121.92,100000,121.92
2023-10-27,GOOGL,122.65,124.08,121.93,122.59,100000,122.59
2023-10-30,GOOGL,120.57,121.88,120.13,120.89,204892,120.89
2023-10-31,GOOGL,120.02,120.81,119.49,119.84,142356,119.84
2023-11-01,GOOGL,122.2,123.19,120.73,122.31,234205,122.31
2023-11-02,GOOGL,118.04,118.96,116.29,118.06,372445,118.06
2023-11-03,GOOGL,117.2,117.93,116.37,117.21,100000,117.21
2023-11-06,GOOGL,119.46,120.51,117.94,119.64,192504,119.64
2023-11-07,GOOGL,120.76,120.89,119.04,120.23,100000,120.23
2023-11-08,GOOGL,117.48,117.51,115.5,116.95,293503,116.95
2023-11-09,GOOGL,116.99,117.74,116.11,116.96,100000,116.96
2023-11-10,GOOGL,115.62,117.42,114.95,115.21,142318,115.21
2023-11-13,GOOGL,111.36,111.93,110.79,111.26,304921,111.26
2023-11-14,GOOGL,112.08,113.64,111.05,112.69,100000,112.69
2023-11-15,GOOGL,111.19,111.81,111.01,111.44,100000,111.44
2023-11-16,GOOGL,115.73,116.56,115.29,115.41,342156,115.41
2023-11-17,GOOGL,118.36,120.13,117.83,118.68,251239,118.68
2023-11-20,GOOGL,116.23,117.32,115.75,116.51,153273,116.51
2023-11-21,GOOGL,113.1,113.68,112.92,113.61,303549,113.61
2023-11-22,GOOGL,115.28,116.33,112.53,115.74,168321,115.74
2023-11-23,GOOGL,115.01,115.75,114.73,114.92,114643,114.92
2023-11-24,GOOGL,114.38,116.38,113.57,114.99,100000,114.99
2023-11-27,GOOGL,118.99,119.15,118.89,119.13,510808,119.13
2023-11-28,GOOGL,119.35,120.11,117.28,119.19,100000,119.19
2023-11-29,GOOGL,117.39,118.54,115.98,117.04,243336,117.04
2023-11-30,GOOGL,120.96,121.1,119.91,120.12,242526,120.12
2023-12-01,GOOGL,118.23,119.24,117.99,118.44,138038,118.44
2023-12-04,GOOGL,117.43,118.54,115.98,116.62,159783,116.62
2023-12-05,GOOGL,119.27,119.68,117.44,118.75,154721,118.75
2023-12-06,GOOGL,116.48,117.03,115.59,116.7,100000,116.7
2023-12-07,GOOGL,114.54,116.2,113.86,114.19,162134,114.19
2023-12-08,GOOGL,114.15,114.25,113.52,114.19,100000,114.19
2023-12-11,GOOGL,114.22,114.35,113.16,113.8,100000,113.8
2023-12-12,GOOGL,115.26,116.15,114.85,115.8,194221,115.8
2023-12-13,GOOGL,118.37,119.0,117.99,118.5,359508,118.5
2023-12-14,GOOGL,119.54,121.83,118.87,120.17,110694,120.17
2023-12-15,GOOGL,123.63,125.66,122.68,123.06,275122,123.06
2023-12-18,GOOGL,120.47,121.58,119.88,120.91,194633,120.91
2023-12-19,GOOGL,122.01,122.67,121.8,122.07,100000,122.07
2023-12-20,GOOGL,124.26,124.82,123.62,124.24,229740,124.24
2023-12-21,GOOGL,128.46,130.55,127.57,128.01,256059,128.01
2023-12-22,GOOGL,125.63,126.02,124.65,125.76,181420,125.76
2023-12-25,GOOGL,124.79,125.72,124.1,124.8,100000,124.8
2023-12-26,GOOGL,125.16,125.79,123.76,124.67,100000,124.67
2023-12-27,GOOGL,126.56,126.96,124.68,126.2,100000,126.2
2023-12-28,GOOGL,127.62,131.0,126.62,128.15,216362,128.15
2023-12-29,GOOGL,127.47,130.16,126.26,127.24,100000,127.24
2024-01-01,GOOGL,126.49,128.64,126.1,126.44,100000,126.44
2024-01-02,GOOGL,127.06,127.39,125.96,127.17,100000,127.17
2024-01-03,GOOGL,122.86,123.27,120.42,122.02,298176,122.02
2024-01-04,GOOGL,123.96,125.37,123.24,123.56,100000,123.56
2024-01-05,GOOGL,123.0,123.73,122.02,123.21,100000,123.21
2024-01-08,GOOGL,123.71,124.13,122.5,122.93,100000,122.93
2024-01-09,GOOGL,125.02,125.4,123.66,124.79,100000,124.79
2024-01-10,GOOGL,125.19,126.28,124.91,124.95,100000,124.95
2024-01-11,GOOGL,122.2,123.39,122.1,122.76,161833,122.76
2024-01-12,GOOGL,126.52,127.44,125.26,126.29,239029,126.29
2024-01-15,GOOGL,125.35,125.7,124.42,124.88,127971,124.88
2024-01-16,GOOGL,126.39,127.03,125.95,126.44,110338,126.44
2024-01-17,GOOGL,129.16,129.27,127.17,128.32,160792,128.32
2024-01-18,GOOGL,129.41,129.54,128.28,128.86,100000,128.86
2024-01-19,GOOGL,131.63,131.68,130.79,131.34,149022,131.34
2024-01-22,GOOGL,131.37,132.21,130.87,131.64,100000,131.64
2024-01-23,GOOGL,132.51,133.95,131.72,132.48,100000,132.48
2024-01-24,GOOGL,129.08,130.43,128.22,129.08,273247,129.08
2024-01-25,GOOGL,130.76,131.87,129.88,131.17,183717,131.17
2024-01-26,GOOGL,132.8,135.18,132.69,133.68,176296,133.68
2024-01-29,GOOGL,132.89,133.25,132.73,132.78,100000,132.78
2024-01-30,GOOGL,134.17,136.04,133.54,134.41,100000,134.41
2024-01-31,GOOGL,133.05,133.12,130.96,133.1,124039,133.1
2024-02-01,GOOGL,132.28,133.29,131.45,132.24,100000,132.24
2024-02-02,GOOGL,132.93,134.64,132.43,133.48,107238,133.48
2024-02-05,GOOGL,131.65,132.77,127.45,130.59,251185,130.59
2024-02-06,GOOGL,133.14,134.69,132.65,132.86,121662,132.86
2024-02-07,GOOGL,133.46,136.43,131.86,133.39,100000,133.39
2024-02-08,GOOGL,136.11,137.73,133.78,136.06,161298,136.06
2024-02-09,GOOGL,131.76,132.26,130.77,131.11,465314,131.11
2024-02-12,GOOGL,128.23,130.41,126.67,128.21,202056,128.21
2024-02-13,GOOGL,130.14,131.56,128.45,128.54,100000,128.54
2024-02-14,GOOGL,123.96,124.56,122.3,123.84,627693,123.84
2024-02-15,GOOGL,122.76,122.76,121.89,122.48,100000,122.48
2024-02-16,GOOGL,119.77,120.04,118.36,119.89,232307,119.89
2024-02-19,GOOGL,119.29,119.96,118.8,119.49,100000,119.49
2024-02-20,GOOGL,118.23,119.59,117.95,118.18,128343,118.18
2024-02-21,GOOGL,117.77,118.1,115.79,117.56,100000,117.56
2024-02-22,GOOGL,116.14,118.48,115.99,116.46,100000,116.46
2024-02-23,GOOGL,118.71,120.36,116.64,118.68,260138,118.68
2024-02-26,GOOGL,118.2,118.88,116.64,118.08,100000,118.08
2024-02-27,GOOGL,119.44,120.03,117.64,118.43,100000,118.43
2024-02-28,GOOGL,118.01,119.11,117.45,117.86,100000,117.86
2024-02-29,GOOGL,112.48,112.64,112.46,112.59,356135,112.59
2024-03-01,GOOGL,112.87,113.6,112.4,112.42,100000,112.42
2024-03-04,GOOGL,116.04,116.45,115.85,116.03,100000,116.03
2024-03-05,GOOGL,114.66,116.08,114.54,114.96,101617,114.96
2024-03-06,GOOGL,113.83,116.19,113.79,114.18,100000,114.18
2024-03-07,GOOGL,113.93,114.18,113.65,114.01,100000,114.01
2024-03-08,GOOGL,113.15,113.17,112.19,112.98,100000,112.98
2024-03-11,GOOGL,111.86,113.06,111.31,112.43,100000,112.43
2024-03-12,GOOGL,113.03,113.63,112.4,113.38,100000,113.38
2024-03-13,GOOGL,113.6,114.56,112.29,113.38,100000,113.38
2024-03-14,GOOGL,115.93,117.56,115.51,116.1,187964,116.1
2024-03-15,GOOGL,116.12,118.07,114.78,116.49,100000,116.49
2024-03-18,GOOGL,114.98,116.17,113.36,114.65,100000,114.65
2024-03-19,GOOGL,112.25,112.53,111.78,111.92,289661,111.92
2024-03-20,GOOGL,111.69,113.9,111.09,112.2,100000,112.2
2024-03-21,GOOGL,109.72,110.74,108.74,109.31,407267,109.31
2024-03-22,GOOGL,108.57,110.67,108.33,108.99,100000,108.99
2024-03-25,GOOGL,112.29,113.18,112.01,112.23,146406,112.23
2024-03-26,GOOGL,113.58,115.16,112.7,113.78,148111,113.78
2024-03-27,GOOGL,111.11,112.02,110.69,111.28,286314,111.28
2024-03-28,GOOGL,112.06,112.62,110.89,110.96,100000,110.96
2024-03-29,GOOGL,111.4,113.81,111.06,111.32,100000,111.32
2024-04-01,GOOGL,112.27,113.05,111.65,112.17,118725,112.17
2024-04-02,GOOGL,110.68,111.53,110.28,110.92,113375,110.92
2024-04-03,GOOGL,109.88,110.69,108.3,109.41,132406,109.41
2024-04-04,GOOGL,110.44,111.55,110.11,110.35,100000,110.35
2024-04-05,GOOGL,109.09,109.42,107.75,108.39,173722,108.39
2024-04-08,GOOGL,110.72,111.84,110.66,111.15,127318,111.15
2024-04-09,GOOGL,111.74,111.97,110.14,111.19,100000,111.19
2024-04-10,GOOGL,111.46,112.13,111.03,111.19,100000,111.19
2024-04-11,GOOGL,107.6,108.69,107.06,107.34,479579,107.34
2024-04-12,GOOGL,106.73,106.88,106.39,106.86,100000,106.86
2024-04-15,GOOGL,106.43,107.53,104.41,106.84,100000,106.84
2024-04-16,GOOGL,107.18,108.78,106.43,106.71,100000,106.71
2024-04-17,GOOGL,106.36,108.1,105.98,106.6,100000,106.6
2024-04-18,GOOGL,107.14,108.55,107.04,107.42,115750,107.42
2024-04-19,GOOGL,107.12,108.15,105.77,107.74,100000,107.74
2024-04-22,GOOGL,110.77,111.37,110.33,110.34,312693,110.34
2024-04-23,GOOGL,106.14,106.39,103.23,105.82,237549,105.82
2024-04-24,GOOGL,104.66,104.91,101.55,104.28,175761,104.28
2024-04-25,GOOGL,106.28,107.37,103.89,106.02,138729,106.02
2024-04-26,GOOGL,104.92,105.98,103.85,104.93,174992,104.93
2024-04-29,GOOGL,103.31,103.87,103.0,103.35,209401,103.35
2024-04-30,GOOGL,102.53,102.65,102.41,102.42,107977,102.42
2024-05-01,GOOGL,102.83,103.04,102.33,102.67,100000,102.67
2024-05-02,GOOGL,101.58,102.67,101.57,102.51,100000,102.51
2024-05-03,GOOGL,104.6,105.05,103.76,104.13,140168,104.13
2024-05-06,GOOGL,104.87,105.92,102.71,104.18,100000,104.18
2024-05-07,GOOGL,105.53,106.41,104.23,105.59,112842,105.59
2024-05-08,GOOGL,107.47,109.12,106.58,107.42,214405,107.42
2024-05-09,GOOGL,106.02,107.52,105.83,106.22,130796,106.22
2024-05-10,GOOGL,107.06,107.63,105.71,107.0,100000,107.0
2024-05-13,GOOGL,103.59,104.25,103.48,103.58,199356,103.58
2024-05-14,GOOGL,100.61,100.74,98.54,100.06,441498,100.06
2024-05-15,GOOGL,101.82,104.24,101.33,101.94,115932,101.94
2024-05-16,GOOGL,100.48,100.51,99.56,100.1,157710,100.1
2024-05-17,GOOGL,100.88,101.46,100.56,100.74,100000,100.74
2024-05-20,GOOGL,102.82,104.02,101.85,102.63,220051,102.63
2024-05-21,GOOGL,101.8,102.9,101.22,101.63,100000,101.63
2024-05-22,GOOGL,100.17,100.96,99.39,100.84,100000,100.84
2024-05-23,GOOGL,99.59,100.58,98.25,98.97,230284,98.97
2024-05-24,GOOGL,100.43,100.63,98.11,99.75,100000,99.75
2024-05-27,GOOGL,100.07,101.15,99.5,99.62,100000,99.62
2024-05-28,GOOGL,96.45,97.23,95.7,96.76,230942,96.76
2024-05-29,GOOGL,98.4,98.4,98.1,98.22,173583,98.22
2024-05-30,GOOGL,98.02,99.5,97.39,98.52,100000,98.52
2024-05-31,GOOGL,99.62,100.06,99.36,99.67,100000,99.67
2024-06-03,GOOGL,100.09,100.34,99.35,100.2,100000,100.2
2024-06-04,GOOGL,99.34,99.71,97.91,99.43,100000,99.43
2024-06-05,GOOGL,101.7,102.77,101.15,102.17,344805,102.17
2024-06-06,GOOGL,99.34,99.64,97.67,99.48,216571,99.48
2024-06-07,GOOGL,100.97,101.56,99.74,100.31,100000,100.31
2024-06-10,GOOGL,99.08,99.5,98.58,99.21,100000,99.21
2024-06-11,GOOGL,96.34,96.98,95.61,96.45,326187,96.45
2024-06-12,GOOGL,96.26,97.22,95.5,95.77,100000,95.77
2024-06-13,GOOGL,96.44,97.6,95.08,96.49,100000,96.49
2024-06-14,GOOGL,97.46,97.9,97.25,97.87,109329,97.87
2024-06-17,GOOGL,96.82,97.16,96.4,96.87,133888,96.87
2024-06-18,GOOGL,97.56,98.21,96.82,97.28,100000,97.28
2024-06-19,GOOGL,98.87,99.95,98.62,99.01,210746,99.01
2024-06-20,GOOGL,101.93,102.62,101.27,101.42,303563,101.42
2024-06-21,GOOGL,103.57,103.71,103.16,103.46,156906,103.46
2024-06-24,GOOGL,104.3,104.83,103.2,103.96,100000,103.96
2024-06-25,GOOGL,104.35,105.77,103.54,104.46,100000,104.46
2024-06-26,GOOGL,104.41,104.55,103.68,104.1,100000,104.1
2024-06-27,GOOGL,102.71,103.67,101.61,102.71,258118,102.71
2024-06-28,GOOGL,103.45,104.18,102.49,103.37,100000,103.37
2024-07-01,GOOGL,104.6,106.61,104.12,105.23,162981,105.23
2024-07-02,GOOGL,104.89,106.91,103.83,104.48,110049,104.48
2024-07-03,GOOGL,106.25,107.18,106.24,106.34,230109,106.34
2024-07-04,GOOGL,103.46,104.2,103.38,104.05,389964,104.05
2024-07-05,GOOGL,103.07,103.22,101.9,102.84,100000,102.84
2024-07-08,GOOGL,100.36,101.37,100.3,100.56,191015,100.56
2024-07-09,GOOGL,99.22,100.03,99.09,99.17,167774,99.17
2024-07-10,GOOGL,99.5,99.71,98.76,99.26,100000,99.26
2024-07-11,GOOGL,98.55,98.92,98.34,98.72,100000,98.72
2024-07-12,GOOGL,101.65,102.66,100.75,101.46,311623,101.46
2024-07-15,GOOGL,101.31,103.1,100.89,101.18,100000,101.18
2024-07-16,GOOGL,102.28,102.71,101.95,102.51,142072,102.51
2024-07-17,GOOGL,105.33,106.99,102.54,105.3,161464,105.3
2024-07-18,GOOGL,103.69,104.42,103.39,104.13,102135,104.13
2024-07-19,GOOGL,106.06,107.01,105.27,106.31,186333,106.31
2024-07-22,GOOGL,104.81,105.24,103.54,104.79,135956,104.79
2024-07-23,GOOGL,103.0,103.04,101.34,102.49,256539,102.49
2024-07-24,GOOGL,104.14,104.81,102.6,103.65,129530,103.65
2024-07-25,GOOGL,102.14,102.31,101.65,102.13,149821,102.13
2024-07-26,GOOGL,101.72,103.28,101.36,102.2,100000,102.2
2024-07-29,GOOGL,102.01,102.59,101.81,101.83,100000,101.83
2024-07-30,GOOGL,104.15,104.76,103.59,103.67,185525,103.67
2024-07-31,GOOGL,104.75,105.49,104.1,104.25,100000,104.25
2024-08-01,GOOGL,105.07,105.31,104.21,105.22,101981,105.22
2024-08-02,GOOGL,104.1,104.9,103.45,104.19,112000,104.19
2024-08-05,GOOGL,101.04,101.82,100.72,100.98,369927,100.98
2024-08-06,GOOGL,104.61,104.74,103.29,104.39,396466,104.39
2024-08-07,GOOGL,104.25,105.85,102.18,104.09,100000,104.09
2024-08-08,GOOGL,102.23,103.66,102.2,102.25,249678,102.25
2024-08-09,GOOGL,99.99,101.72,98.69,100.15,127072,100.15
2024-08-12,GOOGL,99.03,100.62,98.53,99.37,100000,99.37
2024-08-13,GOOGL,101.3,101.83,100.6,101.22,230219,101.22
2024-08-14,GOOGL,100.99,101.2,99.68,100.62,100000,100.62
2024-08-15,GOOGL,103.88,104.17,103.77,103.91,412333,103.91
2024-08-16,GOOGL,102.72,103.92,101.72,103.04,100000,103.04
2024-08-19,GOOGL,104.09,104.56,103.92,104.39,132008,104.39
2024-08-20,GOOGL,101.26,102.12,100.82,101.68,268467,101.68
2024-08-21,GOOGL,99.03,99.25,98.86,99.08,291253,99.08
2024-08-22,GOOGL,101.16,102.13,99.72,100.45,178140,100.45
2024-08-23,GOOGL,99.32,100.19,98.15,99.2,111855,99.2
2024-08-26,GOOGL,102.4,102.88,100.71,101.79,184834,101.79
2024-08-27,GOOGL,102.3,103.82,101.63,103.03,100000,103.03
2024-08-28,GOOGL,102.65,103.23,101.54,102.17,100000,102.17
2024-08-29,GOOGL,101.62,101.99,101.54,101.89,100000,101.89
2024-08-30,GOOGL,102.02,103.64,101.82,102.4,100000,102.4
2024-09-02,GOOGL,103.15,104.14,101.22,102.81,100000,102.81
2024-09-03,GOOGL,103.85,104.49,103.67,103.76,115736,103.76
2024-09-04,GOOGL,101.86,103.42,101.18,102.18,179804,102.18
2024-09-05,GOOGL,101.59,102.5,100.65,101.41,100000,101.41
2024-09-06,GOOGL,99.95,100.04,98.99,99.56,247692,99.56
2024-09-09,GOOGL,99.32,100.82,98.51,98.63,120118,98.63
2024-09-10,GOOGL,100.98,102.16,99.89,101.73,276185,101.73
2024-09-11,GOOGL,101.23,101.63,100.38,100.65,100000,100.65
2024-09-12,GOOGL,97.51,98.45,97.12,98.17,183804,98.17
2024-09-13,GOOGL,99.17,99.77,97.43,99.3,145039,99.3
2024-09-16,GOOGL,99.62,100.35,99.28,99.62,100000,99.62
2024-09-17,GOOGL,96.64,97.27,95.79,96.29,124695,96.29
2024-09-18,GOOGL,95.91,96.1,95.27,95.63,100000,95.63
2024-09-19,GOOGL,95.21,95.98,94.57,94.71,101594,94.71
2024-09-20,GOOGL,93.71,93.74,92.76,93.63,114961,93.63
2024-09-23,GOOGL,92.48,93.46,92.02,92.03,172952,92.03
2024-09-24,GOOGL,94.04,94.47,93.07,94.07,242428,94.07
2024-09-25,GOOGL,94.3,94.31,92.44,94.01,100000,94.01
2024-09-26,GOOGL,90.64,92.31,89.57,91.34,391418,91.34
2024-09-27,GOOGL,91.23,92.14,91.12,92.1,145626,92.1
2024-09-30,GOOGL,90.85,92.05,90.71,91.32,122712,91.32
2024-10-01,GOOGL,90.67,91.62,90.12,91.4,100000,91.4
2024-10-02,GOOGL,87.89,88.33,87.15,88.24,329561,88.24
2024-10-03,GOOGL,86.59,87.59,85.86,87.49,100000,87.49
2024-10-04,GOOGL,86.67,87.36,85.72,86.65,100000,86.65
2024-10-07,GOOGL,87.83,89.61,87.29,87.93,182442,87.93
2024-10-08,GOOGL,87.1,87.79,86.66,87.62,100000,87.62
2024-10-09,GOOGL,88.57,88.73,88.32,88.68,115673,88.68
2024-10-10,GOOGL,87.13,88.67,86.95,87.4,158283,87.4
2024-10-11,GOOGL,84.45,85.67,83.6,84.73,363499,84.73
2024-10-14,GOOGL,87.1,87.39,86.69,86.7,204135,86.7
2024-10-15,GOOGL,86.7,87.34,86.56,86.96,100000,86.96
2024-10-16,GOOGL,88.25,88.56,87.86,88.26,104028,88.26
2024-10-17,GOOGL,86.38,87.71,85.24,85.95,180359,85.95
2024-10-18,GOOGL,87.6,88.28,86.38,87.25,148627,87.25
2024-10-21,GOOGL,87.34,87.47,86.47,86.62,100000,86.62
2024-10-22,GOOGL,86.19,86.74,84.6,86.29,100000,86.29
2024-10-23,GOOGL,84.81,85.97,84.11,84.78,308471,84.78
2024-10-24,GOOGL,84.54,85.06,84.17,84.97,100000,84.97
2024-10-25,GOOGL,85.32,86.69,84.34,85.79,100000,85.79
2024-10-28,GOOGL,86.07,87.34,84.96,85.82,100000,85.82
2024-10-29,GOOGL,84.88,85.71,84.21,85.1,100000,85.1
2024-10-30,GOOGL,84.53,84.55,83.89,84.22,124949,84.22
2024-10-31,GOOGL,86.93,87.69,84.35,86.16,230109,86.16
2024-11-01,GOOGL,86.77,88.12,85.9,86.58,100000,86.58
2024-11-04,GOOGL,85.65,87.2,84.22,86.58,100000,86.58
2024-11-05,GOOGL,87.75,87.89,87.15,87.43,118398,87.43
2024-11-06,GOOGL,85.21,85.99,84.99,85.52,164567,85.52
2024-11-07,GOOGL,85.53,86.56,83.7,85.1,100000,85.1
2024-11-08,GOOGL,84.31,84.98,84.28,84.53,100000,84.53
2024-11-11,GOOGL,82.61,82.74,82.19,82.58,357891,82.58
2024-11-12,GOOGL,80.03,80.73,79.03,80.26,214128,80.26
2024-11-13,GOOGL,78.96,79.19,78.36,78.85,180149,78.85
2024-11-14,GOOGL,80.62,81.39,78.72,80.59,276638,80.59
2024-11-15,GOOGL,80.98,81.3,80.77,81.25,100000,81.25
2024-11-18,GOOGL,80.21,80.32,80.0,80.03,100000,80.03
2024-11-19,GOOGL,79.98,80.51,79.76,79.79,100000,79.79
2024-11-20,GOOGL,77.03,77.9,76.06,77.1,458296,77.1
2024-11-21,GOOGL,76.02,77.07,75.85,76.04,124498,76.04
2024-11-22,GOOGL,75.67,76.11,74.88,75.05,100000,75.05
2024-11-25,GOOGL,76.34,77.55,74.85,76.13,182695,76.13
2024-11-26,GOOGL,75.14,78.09,74.59,75.43,124039,75.43
2024-11-27,GOOGL,73.99,74.21,73.0,74.12,285519,74.12
2024-11-28,GOOGL,74.23,74.39,73.19,74.37,100000,74.37
2024-11-29,GOOGL,74.23,74.42,73.5,73.93,100000,73.93
2024-12-02,GOOGL,74.53,75.38,74.12,74.35,100000,74.35
2024-12-03,GOOGL,73.24,74.56,73.17,73.64,100881,73.64
2024-12-04,GOOGL,74.05,76.03,73.39,74.43,100000,74.43
2024-12-05,GOOGL,74.06,74.93,72.91,73.66,100000,73.66
2024-12-06,GOOGL,72.08,73.35,71.51,72.36,163701,72.36
2024-12-09,GOOGL,71.41,71.98,70.81,71.33,179399,71.33
2024-12-10,GOOGL,71.67,71.77,71.25,71.48,100000,71.48
2024-12-11,GOOGL,73.83,74.89,73.12,74.06,294028,74.06
2024-12-12,GOOGL,74.27,74.42,73.68,74.12,100000,74.12
2024-12-13,GOOGL,76.48,77.12,76.15,76.29,172789,76.29
2024-12-16,GOOGL,73.39,74.57,72.37,73.73,422203,73.73
2024-12-17,GOOGL,73.67,74.67,72.63,73.63,100000,73.63
2024-12-18,GOOGL,73.34,73.57,73.06,73.13,100000,73.13
2024-12-19,GOOGL,73.87,74.74,73.47,74.65,279799,74.65
2024-12-20,GOOGL,76.59,76.61,76.26,76.28,199717,76.28
2024-12-23,GOOGL,78.49,78.56,78.14,78.22,180174,78.22
2024-12-24,GOOGL,78.13,79.65,77.74,78.74,100000,78.74
2024-12-25,GOOGL,79.68,80.55,79.62,79.76,101758,79.76
2024-12-26,GOOGL,80.1,80.5,78.39,80.34,100000,80.34
2024-12-27,GOOGL,80.7,81.43,80.53,80.9,100000,80.9
2024-12-30,GOOGL,82.25,83.52,81.29,82.73,274674,82.73
2024-12-31,GOOGL,79.89,80.13,79.17,79.93,442075,79.93
2025-01-01,GOOGL,80.57,80.94,78.61,80.7,100000,80.7
2025-01-02,GOOGL,80.17,81.18,79.61,80.33,100000,80.33
2025-01-03,GOOGL,83.11,83.13,81.92,82.63,114303,82.63
2025-01-06,GOOGL,81.19,82.13,80.96,81.34,267804,81.34
2025-01-07,GOOGL,82.01,83.52,81.32,81.67,100000,81.67
2025-01-08,GOOGL,80.45,80.72,79.39,80.21,199648,80.21
2025-01-09,GOOGL,81.86,82.36,81.26,82.06,247940,82.06
2025-01-10,GOOGL,78.56,78.99,78.31,78.91,134873,78.91
2025-01-13,GOOGL,80.03,81.13,79.85,80.55,336189,80.55
2025-01-14,GOOGL,78.22,78.97,77.25,78.2,207480,78.2
2025-01-15,GOOGL,75.68,75.77,74.55,75.66,341646,75.66
2025-01-16,GOOGL,75.52,76.44,74.88,75.51,100000,75.51
2025-01-17,GOOGL,74.81,74.9,74.08,74.67,112518,74.67
2025-01-20,GOOGL,74.24,74.57,73.65,74.24,100000,74.24
2025-01-21,GOOGL,72.74,72.93,72.24,72.65,258418,72.65
2025-01-22,GOOGL,73.53,74.82,73.48,73.98,136670,73.98
2025-01-23,GOOGL,72.11,72.73,71.9,71.91,231205,71.91
2025-01-24,GOOGL,70.5,70.71,69.09,70.48,100000,70.48
2025-01-27,GOOGL,69.04,69.13,68.24,68.82,239549,68.82
2025-01-28,GOOGL,67.72,68.41,67.64,67.95,109971,67.95
2025-01-29,GOOGL,66.58,66.88,65.7,66.75,100000,66.75
2025-01-30,GOOGL,65.84,66.64,65.32,66.13,100000,66.13
2025-01-31,GOOGL,65.97,66.01,64.74,65.74,100000,65.74
2025-02-03,GOOGL,65.11,65.92,64.43,64.66,109906,64.66
2025-02-04,GOOGL,63.51,63.53,63.09,63.35,130019,63.35
2025-02-05,GOOGL,64.21,65.39,63.58,64.04,170351,64.04
2025-02-06,GOOGL,63.46,64.14,63.41,63.66,100000,63.66
2025-02-07,GOOGL,62.15,62.61,61.29,62.27,259907,62.27
2025-02-10,GOOGL,63.09,63.25,62.71,62.74,100000,62.74
2025-02-11,GOOGL,63.01,63.04,62.2,62.77,100000,62.77
2025-02-12,GOOGL,63.02,63.33,61.89,63.04,100000,63.04
2025-02-13,GOOGL,62.54,62.96,61.81,62.23,100000,62.23
2025-02-14,GOOGL,64.69,65.75,63.04,64.8,710446,64.8
2025-02-17,GOOGL,63.65,64.18,63.37,63.44,184229,63.44
2025-02-18,GOOGL,64.51,64.83,64.31,64.8,135911,64.8
2025-02-19,GOOGL,65.28,66.0,64.87,65.96,148633,65.96
2025-02-20,GOOGL,64.61,65.01,63.54,64.36,246312,64.36
2025-02-21,GOOGL,65.86,66.99,65.3,66.07,275487,66.07
2025-02-24,GOOGL,67.78,67.79,67.4,67.45,189816,67.45
2025-02-25,GOOGL,66.36,66.68,65.84,66.46,170260,66.46
2025-02-26,GOOGL,66.47,66.82,66.09,66.33,100000,66.33
2025-02-27,GOOGL,64.5,64.94,64.34,64.4,411747,64.4
2025-02-28,GOOGL,62.76,62.97,62.23,62.72,245718,62.72
2025-03-03,GOOGL,62.45,63.1,62.42,62.6,100000,62.6
2025-03-04,GOOGL,62.66,62.83,62.29,62.46,100000,62.46
2025-03-05,GOOGL,63.46,63.49,62.57,63.37,100000,63.37
2025-03-06,GOOGL,61.91,62.29,61.79,62.12,275737,62.12
2025-03-07,GOOGL,61.32,61.64,60.73,61.09,235400,61.09
2025-03-10,GOOGL,60.64,61.28,60.1,60.59,115483,60.59
2025-03-11,GOOGL,60.36,60.89,60.12,60.58,100000,60.58
2025-03-12,GOOGL,58.66,59.07,57.89,58.8,368928,58.8
2025-03-13,GOOGL,57.93,58.1,57.78,57.83,179226,57.83
2025-03-14,GOOGL,58.65,59.27,58.39,58.61,153015,58.61
2025-03-17,GOOGL,57.73,58.41,57.28,57.78,139850,57.78
2025-03-18,GOOGL,56.84,56.92,56.36,56.77,211773,56.77
2025-03-19,GOOGL,57.5,57.7,56.69,57.18,100000,57.18
2025-03-20,GOOGL,57.19,57.44,56.56,57.27,100000,57.27
2025-03-21,GOOGL,54.88,55.31,53.88,55.08,594066,55.08
2025-03-24,GOOGL,55.47,56.43,54.94,55.6,100000,55.6
2025-03-25,GOOGL,56.43,56.9,56.38,56.51,161771,56.51
2025-03-26,GOOGL,57.51,57.88,57.5,57.52,195851,57.52
2025-03-27,GOOGL,58.57,59.21,58.31,58.5,141262,58.5
2025-03-28,GOOGL,57.7,57.92,57.63,57.77,144528,57.77
2025-03-31,GOOGL,57.26,57.46,56.97,57.39,100000,57.39
2025-04-01,GOOGL,57.31,58.3,56.75,57.3,100000,57.3
2025-04-02,GOOGL,56.29,56.32,55.41,55.77,254385,55.77
2025-04-03,GOOGL,54.02,54.37,53.88,53.95,171646,53.95
2025-04-04,GOOGL,54.63,54.92,54.51,54.63,100000,54.63
2025-04-07,GOOGL,53.15,53.58,52.85,53.13,246256,53.13
2025-04-08,GOOGL,53.39,53.72,52.63,53.08,100000,53.08
2025-04-09,GOOGL,51.41,51.75,50.81,51.66,230640,51.66
2025-04-10,GOOGL,51.06,51.19,50.54,51.04,151006,51.04
2025-04-11,GOOGL,51.53,52.21,51.32,51.57,106155,51.57
2025-04-14,GOOGL,49.62,50.16,49.44,49.84,493018,49.84
2025-04-15,GOOGL,50.89,50.99,50.81,50.89,253183,50.89
2025-04-16,GOOGL,51.09,51.57,50.54,50.9,100000,50.9
2025-04-17,GOOGL,50.71,51.18,49.39,50.73,100000,50.73
2025-04-18,GOOGL,49.26,49.72,49.06,49.25,353339,49.25
2025-04-21,GOOGL,49.2,49.51,49.16,49.32,100000,49.32
2025-04-22,GOOGL,47.52,48.05,47.08,47.53,405966,47.53
2025-04-23,GOOGL,47.02,47.89,46.94,47.14,133625,47.14
2025-04-24,GOOGL,47.0,47.25,46.69,47.13,100000,47.13
2025-04-25,GOOGL,47.62,47.85,47.43,47.54,100000,47.54
2025-04-28,GOOGL,48.71,49.05,48.61,48.92,266137,48.92
2025-04-29,GOOGL,47.06,47.5,46.38,47.05,524080,47.05
2025-04-30,GOOGL,47.6,47.65,46.8,47.46,114673,47.46
2025-05-01,GOOGL,47.78,47.84,47.19,47.84,100000,47.84
2025-05-02,GOOGL,47.56,48.11,47.08,47.5,100000,47.5
2025-05-05,GOOGL,47.19,47.72,47.02,47.11,100000,47.11
2025-05-06,GOOGL,47.03,47.61,46.78,46.95,100000,46.95
2025-05-07,GOOGL,46.43,46.84,46.32,46.71,100000,46.71
2025-05-08,GOOGL,44.58,44.84,44.17,44.55,350922,44.55
2025-05-09,GOOGL,45.16,45.35,44.32,45.07,100000,45.07
2025-05-12,GOOGL,44.2,44.58,43.53,44.42,115259,44.42
2025-05-13,GOOGL,43.85,44.0,43.63,43.71,101790,43.71
2025-05-14,GOOGL,44.41,44.47,43.93,44.27,100000,44.27
2025-05-15,GOOGL,45.38,45.71,44.8,45.61,221855,45.61
2025-05-16,GOOGL,44.71,45.23,44.13,44.84,274913,44.84
2025-05-19,GOOGL,45.04,45.81,44.36,45.09,100000,45.09
2025-05-20,GOOGL,44.42,44.55,43.9,44.54,106001,44.54
2025-05-21,GOOGL,43.97,44.19,43.84,44.05,100000,44.05
2025-05-22,GOOGL,45.26,45.32,44.9,45.0,303871,45.0
2025-05-23,GOOGL,44.69,44.74,44.47,44.74,100000,44.74
2025-05-26,GOOGL,43.89,43.94,43.46,43.85,224405,43.85
2025-05-27,GOOGL,43.71,43.93,42.84,43.46,108820,43.46
2025-05-28,GOOGL,42.29,42.53,41.8,42.02,194161,42.02
2025-05-29,GOOGL,42.25,42.46,41.48,42.17,100000,42.17
2025-05-30,GOOGL,42.6,42.83,41.88,42.37,100000,42.37
2025-06-02,GOOGL,42.16,42.6,41.86,42.33,100000,42.33
2025-06-03,GOOGL,43.32,43.73,43.06,43.17,125568,43.17
2025-06-04,GOOGL,43.52,43.99,43.31,43.75,120022,43.75
2025-06-05,GOOGL,44.27,44.45,44.25,44.31,170312,44.31
2025-06-06,GOOGL,45.21,45.28,44.0,44.95,181956,44.95
2025-06-09,GOOGL,45.29,45.86,44.65,45.16,100000,45.16
2025-06-10,GOOGL,45.05,45.37,44.95,44.98,100000,44.98
2025-06-11,GOOGL,44.71,45.18,44.48,44.92,100000,44.92
2025-06-12,GOOGL,44.81,45.08,44.61,44.86,100000,44.86
2025-06-13,GOOGL,44.84,44.98,44.27,44.86,100000,44.86
2025-06-16,GOOGL,45.74,45.99,45.65,45.81,243523,45.81
2025-06-17,GOOGL,45.92,46.31,45.24,45.8,100000,45.8
2025-06-18,GOOGL,45.3,45.96,44.93,45.47,100000,45.47
2025-06-19,GOOGL,45.06,45.34,44.91,45.2,100000,45.2
2025-06-20,GOOGL,45.98,46.09,45.66,46.03,216364,46.03
2025-06-23,GOOGL,45.14,45.18,44.71,44.91,341991,44.91
2025-06-24,GOOGL,45.47,45.66,44.92,45.52,126843,45.52
2025-06-25,GOOGL,45.38,45.46,44.91,45.38,100000,45.38
2025-06-26,GOOGL,46.98,47.73,46.6,47.16,577916,47.16
2025-06-27,GOOGL,47.19,47.69,47.03,47.18,100000,47.18
2025-06-30,GOOGL,47.55,47.73,47.27,47.54,100000,47.54
2025-07-01,GOOGL,46.03,46.32,45.89,45.91,267474,45.91
2025-07-02,GOOGL,45.79,46.19,45.29,46.04,100000,46.04
2025-07-03,GOOGL,47.47,47.65,47.2,47.5,190297,47.5
2025-07-04,GOOGL,46.58,46.72,46.15,46.31,374990,46.31
2025-07-07,GOOGL,45.47,46.36,45.37,45.52,181929,45.52
2025-07-08,GOOGL,45.31,45.54,44.96,45.25,100000,45.25
2025-07-09,GOOGL,44.42,44.75,44.07,44.57,146161,44.57
2025-07-10,GOOGL,46.34,46.45,45.83,46.18,243199,46.18
2025-07-11,GOOGL,46.76,47.01,46.07,46.4,100000,46.4
2025-07-14,GOOGL,45.57,45.77,45.46,45.54,234796,45.54
2025-07-15,GOOGL,46.05,46.4,45.27,45.91,100000,45.91
2025-07-16,GOOGL,45.08,45.59,45.02,45.09,158726,45.09
2025-07-17,GOOGL,44.76,44.8,44.65,44.68,100000,44.68
2025-07-18,GOOGL,44.59,45.25,44.01,44.36,100000,44.36
2025-07-21,GOOGL,44.23,44.67,43.51,44.25,100000,44.25
2025-07-22,GOOGL,43.88,44.18,43.65,43.85,102270,43.85
2025-07-23,GOOGL,44.21,44.84,43.2,44.02,100000,44.02
2025-07-24,GOOGL,45.27,45.85,45.13,45.22,340074,45.22
2025-07-25,GOOGL,44.33,44.61,44.0,44.39,207489,44.39
2025-07-28,GOOGL,43.69,44.1,43.51,43.77,100000,43.77
2025-07-29,GOOGL,45.45,45.62,44.77,45.48,546032,45.48
2025-07-30,GOOGL,45.75,46.21,45.17,45.75,100000,45.75
2025-07-31,GOOGL,45.87,46.58,45.15,45.85,100000,45.85
2025-08-01,GOOGL,46.17,46.4,45.87,46.32,100000,46.32
2025-08-04,GOOGL,46.93,47.15,46.73,46.74,100910,46.74
2025-08-05,GOOGL,46.17,46.44,46.04,46.26,100000,46.26
2025-08-06,GOOGL,45.33,45.73,45.04,45.5,236502,45.5
2025-08-07,GOOGL,45.78,46.09,45.53,45.84,100000,45.84
2025-08-08,GOOGL,45.9,46.63,45.42,45.99,100000,45.99
2025-08-11,GOOGL,47.37,47.77,47.06,47.23,136554,47.23
2025-08-12,GOOGL,46.09,46.22,45.4,46.02,291106,46.02
2025-08-13,GOOGL,45.63,45.91,45.58,45.6,112652,45.6
2025-08-14,GOOGL,46.27,46.58,45.2,46.2,100000,46.2
2025-08-15,GOOGL,45.94,45.94,45.14,45.85,100000,45.85
2025-08-18,GOOGL,45.52,45.56,45.05,45.4,100000,45.4
2025-08-19,GOOGL,45.3,45.55,44.87,45.24,100000,45.24
2025-08-20,GOOGL,45.81,45.83,45.63,45.65,109124,45.65
2025-08-21,GOOGL,44.56,44.94,43.83,44.51,253381,44.51
2025-08-22,GOOGL,44.23,44.55,43.73,44.28,100000,44.28
2025-08-25,GOOGL,44.32,44.5,43.96,44.35,100000,44.35
2025-08-26,GOOGL,44.32,44.98,44.01,44.36,100000,44.36
2025-08-27,GOOGL,43.52,43.94,43.47,43.66,232684,43.66
2025-08-28,GOOGL,45.12,45.17,44.21,44.9,191460,44.9
2025-08-29,GOOGL,46.03,46.27,45.52,45.77,165185,45.77
2025-09-01,GOOGL,46.18,46.7,46.11,46.35,100000,46.35
2025-09-02,GOOGL,45.95,46.3,45.72,45.81,136134,45.81
2025-09-03,GOOGL,46.28,46.44,45.76,46.19,100000,46.19
2025-09-04,GOOGL,45.9,46.01,45.44,45.95,100000,45.95
2025-09-05,GOOGL,44.99,45.11,44.75,45.1,251993,45.1
2025-09-08,GOOGL,46.1,47.0,45.74,45.88,203285,45.88
2025-09-09,GOOGL,48.05,48.45,47.44,48.15,834338,48.15
2025-09-10,GOOGL,48.11,48.94,47.85,48.38,100000,48.38
2025-09-11,GOOGL,49.87,49.91,49.46,49.84,152664,49.84
2025-09-12,GOOGL,50.4,50.99,49.8,50.23,100000,50.23
